Date,Close/Last,Volume,Open,High,Low
10/17/2025,$191.29,1981427,$192.075,$192.51,$188.16
10/16/2025,$191.47,3394739,$190.57,$194.08,$190.235
10/15/2025,$190.03,3353976,$185.92,$190.19,$185.755
10/14/2025,$186.51,4174977,$183.81,$186.52,$183.1316
10/13/2025,$183.20,3243051,$184.36,$186.07,$182.50
10/10/2025,$186.68,3154639,$186.77,$187.99,$184.01
10/09/2025,$185.32,2211084,$186.30,$186.51,$183.99
10/08/2025,$185.59,3329812,$186.71,$188.89,$183.7727
10/07/2025,$186.97,2741749,$186.26,$186.99,$183.945
10/06/2025,$185.57,2968081,$189.45,$189.45,$185.33
10/03/2025,$190.21,2863138,$191.00,$192.405,$189.455
10/02/2025,$191.17,2822385,$190.95,$193.21,$188.88
10/01/2025,$193.32,2960678,$192.28,$194.50,$192.105
09/30/2025,$192.32,3426976,$192.885,$193.795,$191.13
09/29/2025,$194.55,3314260,$194.56,$195.50,$192.31
09/26/2025,$194.27,2608327,$194.33,$195.45,$193.38
09/25/2025,$193.71,3022734,$194.43,$197.405,$193.14
09/24/2025,$192.93,2963774,$193.74,$195.56,$192.55
09/23/2025,$194.28,2774712,$193.42,$194.75,$192.72
09/22/2025,$193.21,3471492,$194.29,$196.54,$191.95
09/19/2025,$193.31,5329760,$193.55,$194.6369,$192.09
09/18/2025,$193.03,2368743,$195.23,$196.455,$192.23
09/17/2025,$197.22,3041947,$194.96,$199.1297,$194.4258
09/16/2025,$194.73,3253839,$192.00,$195.15,$191.48
09/15/2025,$192.50,3883694,$196.06,$196.7297,$188.55
09/12/2025,$195.08,3096567,$195.75,$196.55,$194.5925
09/11/2025,$196.55,2277439,$194.32,$197.085,$193.07
09/10/2025,$193.76,2539122,$194.01,$195.745,$193.32
09/09/2025,$194.60,3384046,$193.93,$194.78,$192.00
09/08/2025,$193.64,5376775,$194.38,$195.47,$189.01
09/05/2025,$198.32,4126180,$197.07,$199.40,$196.28
09/04/2025,$195.09,3523767,$197.92,$198.19,$193.05
09/03/2025,$196.26,3630866,$201.49,$202.80,$195.20
09/02/2025,$200.49,2601302,$202.60,$205.215,$198.75
08/29/2025,$203.85,2618104,$203.00,$203.86,$201.6819
08/28/2025,$202.56,2978276,$203.26,$204.4351,$201.71
08/27/2025,$203.27,3083647,$207.75,$208.03,$203.21
08/26/2025,$207.45,3538827,$209.10,$209.10,$204.55
08/25/2025,$211.12,1239066,$211.00,$211.915,$209.91
08/22/2025,$211.88,2343137,$210.90,$214.79,$210.25
08/21/2025,$209.73,1483376,$208.37,$211.00,$208.37
08/20/2025,$209.50,2217546,$208.49,$211.14,$207.68
08/19/2025,$206.65,1669449,$203.54,$206.83,$203.23
08/18/2025,$203.13,3227734,$206.60,$207.02,$202.66
08/15/2025,$206.12,2640464,$204.19,$208.21,$203.19
08/14/2025,$203.46,2636914,$203.20,$204.185,$200.79
08/13/2025,$204.15,2717887,$204.88,$205.31,$202.95
08/12/2025,$204.62,1757141,$206.15,$206.78,$203.22
08/11/2025,$206.08,2339198,$205.93,$207.88,$204.85
08/08/2025,$206.51,1727528,$210.33,$210.89,$205.8066
08/07/2025,$210.01,2025761,$208.92,$211.07,$208.00
08/06/2025,$208.90,1634081,$210.50,$211.5785,$208.50
08/05/2025,$210.05,1854859,$212.26,$212.785,$207.78
08/04/2025,$212.98,2804487,$211.36,$214.335,$211.00
08/01/2025,$212.10,3232199,$211.405,$217.39,$211.13
07/31/2025,$208.39,2774165,$207.22,$209.60,$205.71
07/30/2025,$208.74,3693319,$211.56,$215.08,$207.66
07/29/2025,$214.71,3704037,$219.00,$219.00,$211.80
07/28/2025,$224.21,2176277,$227.72,$229.07,$223.345
07/25/2025,$229.87,1031271,$230.62,$231.545,$228.25
07/24/2025,$231.24,2034743,$230.72,$234.33,$228.48
07/23/2025,$230.18,1839691,$230.94,$232.47,$229.59
07/22/2025,$232.35,2274580,$229.59,$232.55,$227.96
07/21/2025,$226.50,1458806,$226.00,$227.75,$225.36
07/18/2025,$224.77,1253823,$223.42,$225.77,$223.17
07/17/2025,$223.04,1522498,$222.81,$224.2831,$221.83
07/16/2025,$223.36,2426480,$219.66,$223.44,$219.10
07/15/2025,$218.92,1754318,$221.25,$221.30,$217.98
07/14/2025,$221.78,1475875,$218.95,$222.30,$218.865
07/11/2025,$219.24,1358562,$220.08,$221.41,$217.5086
07/10/2025,$221.01,1459193,$220.49,$223.68,$220.1979
07/09/2025,$221.83,1712871,$219.71,$222.00,$217.37
07/08/2025,$220.70,2022636,$218.02,$221.16,$217.63
07/07/2025,$220.02,1894952,$222.30,$222.98,$218.05
07/03/2025,$221.75,1369114,$222.48,$223.156,$217.90
07/02/2025,$222.83,1938032,$222.82,$224.96,$222.5428
07/01/2025,$224.47,2567656,$220.90,$225.26,$220.62
06/30/2025,$221.02,2071771,$217.39,$221.13,$215.26
06/27/2025,$217.78,2086256,$216.30,$219.88,$215.87
06/26/2025,$217.52,2040073,$220.79,$221.58,$215.82
06/25/2025,$220.22,1727397,$221.74,$222.825,$219.51
06/24/2025,$223.91,2219043,$220.87,$225.03,$219.0037
06/23/2025,$221.63,2618039,$218.65,$222.61,$217.545
06/20/2025,$217.48,4018901,$215.14,$218.85,$214.30
06/18/2025,$215.48,1665653,$215.61,$216.6575,$213.59
06/17/2025,$215.14,1659540,$215.12,$215.755,$212.78
06/16/2025,$214.98,2424545,$213.00,$217.32,$213.00
06/13/2025,$214.80,2455578,$215.50,$217.36,$214.0689
06/12/2025,$217.70,1738066,$215.78,$217.77,$214.55
06/11/2025,$214.36,1577890,$214.61,$215.71,$212.94
06/10/2025,$214.61,1625003,$213.94,$215.40,$212.73
06/09/2025,$212.83,1777763,$212.11,$213.93,$210.38
06/06/2025,$212.54,2516318,$215.32,$216.125,$212.09
06/05/2025,$216.22,2526905,$215.13,$217.19,$214.07
06/04/2025,$214.36,1579002,$213.25,$216.47,$212.19
06/03/2025,$213.39,2035496,$213.15,$214.38,$211.73
06/02/2025,$214.11,2142649,$213.38,$214.435,$210.90
05/30/2025,$214.65,5861528,$213.12,$215.37,$212.32
05/29/2025,$213.71,1790593,$211.66,$214.10,$210.65
05/28/2025,$212.46,1787967,$213.00,$213.10,$210.73
05/27/2025,$213.70,1867026,$211.02,$214.99,$211.02
05/23/2025,$211.86,1573189,$213.12,$213.53,$210.555
05/22/2025,$210.27,1969848,$214.43,$215.66,$209.07
05/21/2025,$213.73,2231515,$215.64,$216.56,$213.46
05/20/2025,$215.40,1755977,$213.51,$215.86,$213.42
05/19/2025,$215.13,1733618,$213.64,$215.50,$211.95
05/16/2025,$213.38,2812716,$212.96,$213.46,$211.40
05/15/2025,$211.68,3115633,$206.24,$211.77,$205.00
05/14/2025,$204.50,4060445,$202.90,$205.185,$201.01
05/13/2025,$203.96,4525363,$208.50,$208.50,$201.72
05/12/2025,$207.92,4450863,$217.44,$217.44,$206.92
05/09/2025,$219.97,2499850,$217.07,$220.585,$216.58
05/08/2025,$217.88,3007593,$218.94,$219.90,$217.55
05/07/2025,$219.49,3571688,$222.58,$224.96,$219.27
05/06/2025,$223.81,1637069,$224.31,$225.62,$222.36
05/05/2025,$223.87,1832956,$225.10,$226.02,$222.4473
05/02/2025,$223.60,2732560,$225.53,$225.98,$221.19
05/01/2025,$224.03,2252975,$224.87,$225.84,$223.07
04/30/2025,$225.41,3491488,$221.36,$226.09,$220.59
04/29/2025,$221.33,3174890,$211.64,$221.77,$210.36
04/28/2025,$211.30,3390269,$210.45,$213.60,$209.36
04/25/2025,$210.82,2464547,$211.48,$211.79,$208.45
04/24/2025,$210.91,2885704,$214.33,$215.2839,$210.76
04/23/2025,$212.60,7046015,$219.77,$219.92,$209.37
04/22/2025,$220.97,2747401,$219.78,$222.22,$217.83
04/21/2025,$217.99,2781044,$221.33,$223.55,$215.13
04/17/2025,$222.66,2599062,$218.94,$224.36,$218.26
04/16/2025,$218.00,3376803,$220.30,$220.54,$216.51
04/15/2025,$218.01,3854864,$219.28,$220.82,$216.02
04/14/2025,$217.79,2080597,$213.00,$218.83,$211.1593
04/11/2025,$213.22,2555449,$206.52,$213.75,$205.1549
04/10/2025,$208.32,3565253,$207.75,$213.165,$203.495
04/09/2025,$207.48,5646870,$202.11,$211.94,$197.50
04/08/2025,$204.66,5455242,$215.09,$216.69,$202.01
04/07/2025,$213.39,5082227,$217.35,$221.91,$211.64
04/04/2025,$220.17,9877429,$233.15,$233.80,$220.03
04/03/2025,$228.19,5853310,$225.00,$231.03,$220.00
04/02/2025,$217.90,2794050,$219.88,$220.48,$216.29
04/01/2025,$219.44,2124797,$220.08,$220.70,$217.60
03/31/2025,$217.60,3281511,$216.55,$219.37,$215.72
03/28/2025,$215.56,1907555,$215.64,$215.815,$213.36
03/27/2025,$214.04,2458419,$211.07,$215.05,$209.66
03/26/2025,$210.02,1607440,$209.50,$211.55,$207.65
03/25/2025,$209.50,2646666,$212.02,$212.58,$208.195
03/24/2025,$212.80,2879932,$213.91,$217.01,$212.41
03/21/2025,$216.23,6326237,$213.86,$219.61,$212.64
03/20/2025,$214.27,1839298,$214.90,$215.13,$212.66
03/19/2025,$213.76,2244277,$214.26,$215.62,$211.64
03/18/2025,$214.87,3996494,$212.69,$216.29,$211.365
03/17/2025,$212.69,3097574,$212.20,$216.33,$211.35
03/14/2025,$210.93,3789022,$207.77,$211.23,$205.98
03/13/2025,$207.77,2691194,$206.94,$208.995,$205.01
03/12/2025,$206.69,2519764,$208.01,$208.83,$205.19
03/11/2025,$209.78,2698103,$213.11,$214.60,$209.22
03/10/2025,$213.07,4156922,$213.49,$217.315,$212.31
03/07/2025,$212.29,3599432,$208.00,$212.99,$206.89
03/06/2025,$206.93,2416333,$208.37,$209.02,$204.28
03/05/2025,$208.69,1969765,$204.40,$209.57,$202.7121
03/04/2025,$207.12,4031285,$211.75,$215.15,$206.935
03/03/2025,$209.61,2229861,$205.00,$210.29,$204.985
02/28/2025,$205.62,3466958,$205.00,$206.34,$202.605
02/27/2025,$203.97,2553227,$200.05,$204.17,$199.325
02/26/2025,$200.73,2512124,$204.59,$205.40,$199.59
02/25/2025,$203.75,5179858,$197.51,$206.27,$195.02
02/24/2025,$192.00,2393268,$190.70,$193.63,$189.45
02/21/2025,$191.55,3304319,$192.31,$193.00,$190.53
02/20/2025,$192.38,2848927,$188.52,$192.97,$187.02
02/19/2025,$188.56,2470179,$189.40,$190.84,$188.35
02/18/2025,$189.55,2301184,$188.56,$190.65,$188.18
02/14/2025,$189.38,1776115,$190.65,$193.55,$189.11
02/13/2025,$189.99,1855006,$189.91,$190.75,$189.138
02/12/2025,$189.52,1766431,$189.40,$190.505,$187.0708
02/11/2025,$193.42,1825675,$189.18,$193.50,$189.00
02/10/2025,$189.88,1957946,$189.57,$190.09,$187.23
02/07/2025,$188.84,1588160,$189.78,$189.78,$186.685
02/06/2025,$189.75,1407034,$188.305,$189.87,$186.72
02/05/2025,$187.46,1869739,$186.81,$188.22,$184.818
02/04/2025,$184.13,1450167,$183.77,$184.83,$182.1421
02/03/2025,$185.37,1832160,$184.82,$186.50,$182.15
01/31/2025,$184.95,1570262,$185.28,$187.63,$184.34
01/30/2025,$185.82,1457077,$186.23,$187.31,$184.05
01/29/2025,$183.63,1735117,$186.84,$187.79,$183.12
01/28/2025,$186.93,1997239,$190.22,$191.31,$186.17
01/27/2025,$192.04,2862670,$190.00,$192.85,$187.97
01/24/2025,$185.08,1218209,$186.00,$186.95,$184.89
01/23/2025,$186.39,1683990,$185.79,$186.62,$183.36
01/22/2025,$185.29,2753713,$188.46,$188.97,$183.65
01/21/2025,$189.93,2460864,$191.31,$193.77,$189.33
01/17/2025,$190.39,2882498,$190.76,$191.75,$189.43
01/16/2025,$190.07,3544868,$181.00,$190.53,$180.411
01/15/2025,$180.32,2230902,$184.05,$185.295,$180.07
01/14/2025,$178.80,2124347,$176.88,$180.30,$176.26
01/13/2025,$176.94,2409816,$174.66,$177.20,$173.78
01/10/2025,$173.46,3539246,$173.56,$176.52,$172.51
01/08/2025,$179.19,2048382,$176.55,$179.32,$174.78
01/07/2025,$177.17,2096053,$180.13,$180.96,$176.90
01/06/2025,$180.26,2262657,$181.57,$183.48,$179.87
01/03/2025,$182.56,1817315,$181.25,$183.73,$180.11
01/02/2025,$181.03,3142972,$184.09,$184.6883,$180.57
12/31/2024,$183.41,2115492,$182.95,$184.05,$181.19
12/30/2024,$181.92,1887056,$181.87,$182.2323,$179.85
12/27/2024,$181.87,1640928,$182.00,$184.33,$181.51
12/26/2024,$183.98,1464729,$184.40,$184.40,$182.59
12/24/2024,$184.71,788396,$182.62,$184.75,$182.54
12/23/2024,$184.38,2594197,$182.64,$184.61,$181.04
12/20/2024,$183.73,5750257,$182.08,$186.51,$181.83
12/19/2024,$179.40,4709995,$183.44,$184.50,$179.04
12/18/2024,$184.85,4186148,$191.77,$192.90,$184.54
12/17/2024,$193.26,2637513,$191.20,$196.75,$190.405
12/16/2024,$193.73,2219154,$196.51,$198.74,$193.57
12/13/2024,$197.16,1995540,$197.18,$198.58,$196.12
12/12/2024,$197.85,1922615,$199.56,$200.59,$197.38
12/11/2024,$199.59,2356879,$199.52,$200.5914,$198.08
12/10/2024,$199.53,2653352,$207.34,$208.04,$198.80
12/09/2024,$209.04,2854255,$206.69,$210.05,$206.10
12/06/2024,$207.10,2677955,$209.58,$210.6589,$205.02
12/05/2024,$209.16,2291117,$205.30,$209.31,$205.30
12/04/2024,$207.50,2529178,$206.53,$207.94,$204.678
12/03/2024,$207.79,2551463,$208.43,$209.37,$206.53
12/02/2024,$207.33,2374861,$207.54,$208.51,$205.71
11/29/2024,$209.00,1610156,$209.30,$209.77,$207.53
11/27/2024,$209.30,1669442,$208.00,$209.665,$207.83
11/26/2024,$208.00,1791455,$206.57,$208.83,$205.3668
11/25/2024,$207.55,3606003,$205.47,$208.04,$204.7019
11/22/2024,$204.31,2016051,$203.10,$205.185,$202.80
11/21/2024,$202.81,1961716,$200.32,$203.51,$198.71
11/20/2024,$200.88,2243613,$200.00,$201.55,$198.92
11/19/2024,$201.15,2514423,$199.25,$201.77,$198.23
11/18/2024,$198.84,2375058,$194.65,$199.11,$194.125
11/15/2024,$196.45,2587387,$194.995,$196.73,$193.75
11/14/2024,$194.77,2282842,$194.91,$196.8099,$193.50
11/13/2024,$195.16,2355020,$196.20,$197.79,$195.02
11/12/2024,$193.72,2953442,$195.11,$195.99,$191.74
11/11/2024,$196.08,2698987,$199.71,$202.16,$195.85
11/08/2024,$201.80,3981626,$199.20,$203.22,$198.165
11/07/2024,$197.87,4924462,$199.46,$200.92,$196.04
11/06/2024,$197.47,8133504,$200.80,$203.15,$194.42
11/05/2024,$213.85,1302803,$210.93,$213.94,$209.50
11/04/2024,$212.11,2333808,$213.05,$214.44,$209.66
11/01/2024,$211.26,1989131,$217.76,$218.92,$210.92
10/31/2024,$213.54,1961938,$211.28,$216.29,$209.70
10/30/2024,$213.48,2437824,$213.59,$217.10,$212.4348
10/29/2024,$212.91,3591423,$215.16,$220.00,$211.55
10/28/2024,$222.22,1934987,$225.33,$225.64,$221.84
10/25/2024,$222.80,2054209,$225.66,$227.91,$221.89
10/24/2024,$225.93,1618292,$226.00,$228.80,$225.80
10/23/2024,$226.27,2712931,$221.50,$226.76,$221.50
10/22/2024,$221.46,1971495,$219.60,$222.4816,$219.25
10/21/2024,$221.47,1295730,$225.09,$228.00,$220.28
10/18/2024,$226.30,1441933,$225.87,$227.06,$224.19
10/17/2024,$224.16,2021729,$226.20,$227.52,$223.29
10/16/2024,$227.52,1518104,$228.26,$231.05,$226.81
10/15/2024,$229.43,2310128,$224.00,$229.73,$223.37
10/14/2024,$221.70,1501964,$217.71,$221.99,$217.0125
10/11/2024,$219.27,1614001,$219.06,$219.68,$217.59
10/10/2024,$217.90,1924286,$219.58,$221.52,$216.51
10/09/2024,$220.78,1573997,$222.00,$222.6872,$219.41
10/08/2024,$224.28,1630902,$223.53,$225.62,$223.19
10/07/2024,$223.37,1658097,$222.28,$223.54,$221.38
10/04/2024,$223.66,1942688,$225.87,$226.00,$221.51
10/03/2024,$229.28,1590914,$231.60,$231.71,$227.705
10/02/2024,$231.88,2229583,$230.99,$233.05,$229.52
10/01/2024,$232.07,2279933,$233.49,$234.47,$231.10
09/30/2024,$232.56,2256722,$230.13,$232.78,$228.75
09/27/2024,$230.32,3051009,$233.11,$233.50,$229.915
09/26/2024,$231.77,2312538,$233.12,$234.02,$230.26
09/25/2024,$235.63,1447232,$236.58,$238.34,$235.16
09/24/2024,$236.47,1616104,$234.24,$237.02,$233.74
09/23/2024,$236.27,1762013,$236.03,$236.8893,$233.19
09/20/2024,$235.06,3682951,$231.66,$235.34,$230.74
09/19/2024,$232.31,3434476,$234.00,$234.56,$227.7001
09/18/2024,$235.95,1828121,$238.86,$240.28,$235.355
09/17/2024,$239.45,1526006,$240.18,$241.46,$239.16
09/16/2024,$240.32,2255500,$238.92,$241.97,$238.92
09/13/2024,$238.50,1983420,$237.77,$238.78,$235.355
09/12/2024,$237.14,2003818,$239.00,$239.50,$233.94
09/11/2024,$238.97,2216503,$240.21,$241.16,$236.80
09/10/2024,$242.83,2016794,$239.35,$243.56,$239.15
09/09/2024,$238.53,1983964,$235.40,$239.215,$235.04
09/06/2024,$236.16,2749994,$234.00,$236.44,$232.53
09/05/2024,$233.64,1990837,$234.39,$235.43,$232.13
09/04/2024,$232.52,2261861,$231.43,$236.125,$230.26
09/03/2024,$230.37,2660171,$222.85,$231.69,$222.81
08/30/2024,$224.06,1796764,$223.88,$225.68,$221.43
08/29/2024,$223.52,2003196,$224.24,$226.25,$221.25
08/28/2024,$225.25,1105576,$226.45,$227.65,$224.18
08/27/2024,$226.16,921558,$222.19,$226.29,$222.19
08/26/2024,$225.31,1142472,$227.73,$228.39,$225.02
08/23/2024,$227.00,1803979,$220.97,$227.68,$220.56
08/22/2024,$220.10,1926500,$219.01,$220.615,$218.45
08/21/2024,$219.49,2262630,$218.37,$220.00,$217.02
08/20/2024,$220.38,1630990,$219.66,$220.98,$218.30
08/19/2024,$219.66,1262046,$219.42,$220.90,$219.04
08/16/2024,$219.85,1986252,$217.90,$220.439,$217.00
08/15/2024,$218.06,1858378,$221.27,$221.45,$217.50
08/14/2024,$223.18,2313737,$223.22,$225.22,$222.80
08/13/2024,$222.66,5449941,$225.86,$226.16,$222.03
08/12/2024,$225.54,1455653,$221.58,$225.66,$219.79
08/09/2024,$222.59,2071509,$224.84,$225.395,$222.34
08/08/2024,$223.61,2942192,$223.86,$225.55,$221.50
08/07/2024,$225.97,3315841,$226.35,$229.77,$225.05
08/06/2024,$228.16,2823195,$225.02,$230.65,$224.31
08/05/2024,$226.19,4329568,$231.88,$236.13,$226.01
08/02/2024,$234.64,4750517,$230.00,$236.00,$228.785
08/01/2024,$227.93,3047037,$222.80,$229.22,$222.01
07/31/2024,$220.40,2924228,$221.50,$222.33,$218.00
07/30/2024,$223.05,2447841,$220.00,$223.46,$217.61
07/29/2024,$214.93,1607965,$213.72,$215.59,$211.00
07/26/2024,$213.72,1548313,$210.81,$214.12,$210.06
07/25/2024,$209.92,1926727,$210.54,$215.86,$209.12
07/24/2024,$209.39,1922843,$210.25,$212.81,$208.57
07/23/2024,$209.52,1123621,$209.56,$212.185,$208.97
07/22/2024,$209.37,1476193,$209.97,$212.43,$208.23
07/19/2024,$210.14,1404055,$211.87,$211.87,$209.32
07/18/2024,$210.65,1736359,$210.81,$214.46,$209.675
07/17/2024,$213.12,1759861,$210.30,$213.18,$209.61
07/16/2024,$210.15,1329375,$210.44,$211.21,$207.10
07/15/2024,$208.84,1585429,$210.00,$211.21,$206.93
07/12/2024,$210.61,2238589,$209.06,$212.19,$207.50
07/11/2024,$207.20,2256189,$201.09,$207.39,$200.00
07/10/2024,$196.77,1576905,$197.39,$197.49,$193.80
07/09/2024,$195.96,1577224,$195.55,$196.2255,$192.74
07/08/2024,$196.17,1508837,$195.13,$197.39,$194.51
07/05/2024,$195.64,1018567,$194.98,$196.36,$193.47
07/03/2024,$194.79,1182562,$193.07,$195.08,$192.47
07/02/2024,$192.27,1913583,$194.35,$195.24,$191.55
07/01/2024,$194.02,1691747,$194.40,$195.905,$191.62
06/28/2024,$194.38,2393894,$196.18,$197.88,$193.79
06/27/2024,$195.32,1599526,$193.25,$195.41,$192.17
06/26/2024,$192.67,1828480,$191.35,$193.2646,$190.38
06/25/2024,$192.68,1364437,$196.35,$197.43,$192.19
06/24/2024,$196.39,1792183,$194.70,$198.71,$193.715
06/21/2024,$194.85,2837037,$194.10,$196.37,$192.91
06/20/2024,$194.17,2236362,$191.84,$194.65,$191.5152
06/18/2024,$192.78,2407868,$192.58,$195.98,$192.56
06/17/2024,$192.28,1779925,$194.86,$194.98,$192.191
06/14/2024,$197.03,1933243,$194.93,$197.745,$194.93
06/13/2024,$196.78,1531260,$194.02,$197.50,$193.99
06/12/2024,$193.82,3331545,$197.95,$198.84,$193.65
06/11/2024,$193.27,2781808,$194.72,$196.34,$193.14
06/10/2024,$194.72,2874742,$193.86,$196.07,$192.70
06/07/2024,$194.26,2143410,$195.87,$196.475,$191.75
06/06/2024,$199.49,1865862,$198.00,$200.03,$196.76
06/05/2024,$198.19,1737070,$200.26,$200.89,$197.696
06/04/2024,$200.41,3236297,$198.00,$201.58,$197.00
06/03/2024,$196.97,2333298,$196.00,$197.83,$194.99
05/31/2024,$195.74,7332012,$191.88,$197.19,$191.17
05/30/2024,$190.78,2850462,$186.40,$191.02,$185.34
05/29/2024,$185.32,1977702,$183.35,$186.48,$183.04
05/28/2024,$185.03,1828433,$186.56,$187.71,$184.87
05/24/2024,$185.93,1257941,$187.15,$188.5103,$185.54
05/23/2024,$186.60,1768802,$189.78,$191.57,$186.51
05/22/2024,$191.34,1681095,$193.59,$194.24,$190.22
05/21/2024,$194.13,1527286,$191.50,$194.33,$190.28
05/20/2024,$191.76,1733508,$194.00,$195.09,$191.66
05/17/2024,$194.51,2157303,$195.56,$195.56,$193.19
05/16/2024,$194.94,2616921,$191.65,$196.21,$191.5062
05/15/2024,$192.02,2815317,$191.15,$194.255,$191.15
05/14/2024,$186.96,2008358,$186.36,$187.61,$185.40
05/13/2024,$185.00,1842738,$185.36,$186.23,$183.05
05/10/2024,$184.49,3158133,$186.47,$186.71,$182.50
05/09/2024,$186.37,2588033,$182.64,$187.75,$181.96
05/08/2024,$181.33,2014399,$179.95,$181.52,$178.51
05/07/2024,$181.28,2594855,$179.98,$181.45,$179.23
05/06/2024,$178.69,2297894,$182.28,$182.70,$177.52
05/03/2024,$181.74,3130327,$183.50,$184.89,$181.17
05/02/2024,$179.64,3278182,$178.01,$179.70,$175.365
05/01/2024,$176.84,3877575,$173.28,$178.81,$171.495
04/30/2024,$171.56,3710749,$175.53,$176.92,$170.46
04/29/2024,$174.99,2115182,$173.26,$175.56,$173.20
04/26/2024,$171.69,1701397,$172.72,$174.94,$171.33
04/25/2024,$172.90,1862294,$171.75,$173.22,$171.28
04/24/2024,$173.35,3029333,$172.67,$175.44,$172.355
04/23/2024,$174.18,2659034,$172.49,$176.07,$171.43
04/22/2024,$172.30,2603759,$171.63,$172.94,$171.01
04/19/2024,$171.30,2867595,$171.80,$173.01,$170.69
04/18/2024,$171.00,2276185,$173.73,$174.06,$170.67
04/17/2024,$172.02,2732832,$172.96,$173.36,$171.08
04/16/2024,$172.21,3848820,$177.95,$177.95,$171.76
04/15/2024,$178.12,2563028,$179.20,$180.28,$176.02
04/12/2024,$179.20,3839228,$178.78,$179.675,$177.13
04/11/2024,$178.64,3688596,$182.01,$182.28,$178.33
04/10/2024,$181.96,4136543,$187.19,$187.485,$180.54
04/09/2024,$192.81,1962968,$189.37,$192.99,$188.84
04/08/2024,$188.21,2296949,$190.10,$190.4875,$186.635
04/05/2024,$190.17,2538781,$189.25,$192.24,$188.78
04/04/2024,$190.30,2265425,$194.09,$194.80,$190.09
04/03/2024,$192.31,2270398,$191.37,$193.25,$190.18
04/02/2024,$192.18,2321286,$191.83,$193.83,$191.34
04/01/2024,$193.01,2195793,$196.55,$196.58,$192.185
03/28/2024,$197.59,2170518,$198.37,$198.37,$196.005
03/27/2024,$197.38,2494193,$195.645,$197.75,$194.02
03/26/2024,$194.10,1823364,$195.26,$195.47,$193.90
03/25/2024,$195.56,2144835,$193.69,$196.22,$193.53
03/22/2024,$192.79,2581885,$194.74,$194.74,$191.55
03/21/2024,$193.94,2658145,$195.86,$196.55,$193.66
03/20/2024,$194.63,2154994,$195.42,$196.72,$193.81
03/19/2024,$196.63,1463536,$196.17,$196.88,$194.6953
03/18/2024,$195.91,1833532,$196.60,$197.83,$195.51
03/15/2024,$197.34,3346948,$195.58,$198.75,$195.13
03/14/2024,$199.19,2010395,$201.02,$202.55,$196.21
03/13/2024,$202.35,1690392,$204.30,$205.05,$201.29
03/12/2024,$204.18,1746177,$205.71,$206.24,$201.58
03/11/2024,$206.75,2006252,$205.93,$208.32,$204.86
03/08/2024,$207.31,2155964,$206.60,$209.16,$205.89
03/07/2024,$204.73,2085790,$207.63,$207.93,$203.795
03/06/2024,$206.01,1865480,$206.46,$207.23,$204.99
03/05/2024,$205.42,2469875,$205.94,$209.61,$204.64
03/04/2024,$206.15,2851856,$201.43,$206.52,$198.99
03/01/2024,$201.76,3473494,$198.90,$202.05,$196.15
02/29/2024,$198.86,4676993,$195.20,$200.80,$195.14
02/28/2024,$193.76,4059122,$186.50,$195.83,$186.50
02/27/2024,$186.68,4672171,$189.19,$190.61,$181.16
02/26/2024,$187.72,3310691,$189.20,$191.375,$186.72
02/23/2024,$189.93,1458552,$188.12,$191.27,$187.45
02/22/2024,$188.01,2149718,$189.01,$189.01,$185.605
02/21/2024,$188.22,1863180,$189.22,$189.66,$186.63
02/20/2024,$188.40,2241019,$187.09,$188.71,$185.77
02/16/2024,$187.13,2127509,$186.78,$187.61,$185.015
02/15/2024,$189.46,2412001,$189.97,$190.725,$187.74
02/14/2024,$188.49,1818138,$188.85,$190.0275,$186.84
02/13/2024,$188.42,3512561,$188.17,$188.70,$184.05
02/12/2024,$191.77,1589691,$194.99,$195.41,$191.44
02/09/2024,$194.44,1903969,$193.40,$194.51,$191.64
02/08/2024,$193.64,2001165,$192.63,$194.25,$191.63
02/07/2024,$193.62,2254848,$192.29,$193.86,$190.55
02/06/2024,$191.67,1777672,$189.47,$192.57,$189.15
02/05/2024,$189.47,2489076,$191.05,$191.69,$187.82
02/02/2024,$193.51,2913979,$195.00,$195.55,$189.33
02/01/2024,$198.39,2700870,$195.335,$198.43,$193.37
01/31/2024,$195.65,2454201,$196.90,$200.87,$194.75
01/30/2024,$195.56,2428092,$198.50,$199.00,$195.36
01/29/2024,$199.11,2466044,$197.08,$199.30,$195.76
01/26/2024,$197.29,1831069,$199.20,$199.83,$197.08
01/25/2024,$200.21,2510687,$199.39,$201.635,$198.00
01/24/2024,$196.76,3308619,$203.10,$203.40,$195.96
01/23/2024,$202.26,2108946,$204.76,$205.29,$201.38
01/22/2024,$204.02,2185510,$204.10,$206.69,$201.95
01/19/2024,$203.87,1986366,$204.66,$205.14,$202.78
01/18/2024,$203.91,2881022,$205.25,$206.79,$202.54
01/17/2024,$204.95,2629464,$205.40,$210.39,$202.72
01/16/2024,$208.05,2400038,$208.97,$210.8384,$207.55
01/12/2024,$209.43,1763449,$209.67,$211.82,$208.46
01/11/2024,$207.65,2271646,$208.29,$208.74,$206.09
01/10/2024,$208.97,2088949,$211.61,$212.085,$208.37
01/09/2024,$211.86,1578869,$214.35,$214.422,$210.27
01/08/2024,$216.08,1703214,$213.42,$216.215,$212.52
01/05/2024,$214.28,1884018,$213.70,$216.25,$213.04
01/04/2024,$215.46,2032973,$213.64,$217.67,$212.6766
01/03/2024,$214.69,1533506,$217.49,$218.99,$214.61
01/02/2024,$218.81,1566330,$214.41,$219.10,$214.41
12/29/2023,$215.88,1584433,$215.98,$216.80,$215.00
12/28/2023,$217.16,1125411,$216.71,$218.32,$215.58
12/27/2023,$216.72,1860666,$214.01,$217.11,$214.01
12/26/2023,$216.24,1053089,$215.28,$216.99,$214.44
12/22/2023,$215.19,1106416,$214.96,$217.11,$213.66
12/21/2023,$214.28,1685487,$212.99,$214.34,$211.54
12/20/2023,$211.11,2991192,$211.51,$214.51,$209.27
12/19/2023,$211.00,1776883,$211.45,$213.23,$210.65
12/18/2023,$210.69,1805046,$212.04,$214.04,$209.91
12/15/2023,$212.15,3722435,$210.13,$212.79,$208.33
12/14/2023,$212.17,2975050,$215.46,$218.48,$211.24
12/13/2023,$211.04,2244544,$204.98,$212.43,$203.66
12/12/2023,$205.05,1712877,$205.85,$205.98,$203.58
12/11/2023,$205.60,2468644,$205.90,$207.99,$204.11
12/08/2023,$206.45,2364324,$209.80,$210.29,$204.05
12/07/2023,$210.72,1964478,$211.60,$212.05,$210.25
12/06/2023,$210.76,2037797,$211.79,$213.31,$210.615
12/05/2023,$210.41,1738062,$208.92,$211.06,$207.41
12/04/2023,$208.73,2668581,$209.21,$209.835,$207.69
12/01/2023,$210.47,2093350,$208.40,$210.835,$206.13
11/30/2023,$208.78,2943345,$205.54,$208.96,$204.28
11/29/2023,$206.18,2933423,$205.00,$208.82,$203.99
11/28/2023,$203.22,2105310,$200.78,$203.52,$200.525
11/27/2023,$201.21,2525270,$200.48,$202.84,$199.02
11/24/2023,$199.32,614123,$197.99,$199.33,$196.40
11/22/2023,$198.79,1393260,$200.18,$200.58,$197.83
11/21/2023,$197.54,1989324,$199.56,$199.5666,$196.82
11/20/2023,$199.64,1945537,$197.45,$199.80,$195.34
11/17/2023,$197.74,2593655,$200.12,$200.51,$197.045
11/16/2023,$199.11,3260589,$196.80,$199.85,$195.15
11/15/2023,$195.88,3803043,$193.11,$198.75,$192.72
11/14/2023,$194.20,2910453,$192.96,$195.98,$190.89
11/13/2023,$183.62,1425176,$182.24,$185.28,$181.03
11/10/2023,$183.79,1738751,$183.54,$184.5441,$179.315
11/09/2023,$181.84,1949344,$184.60,$185.27,$180.905
11/08/2023,$184.42,1447454,$185.69,$185.69,$183.18
11/07/2023,$185.45,1544400,$187.52,$187.63,$185.17
11/06/2023,$186.70,1943821,$189.94,$190.76,$185.27
11/03/2023,$190.57,3417103,$186.07,$193.20,$185.86
11/02/2023,$184.15,2908013,$181.32,$186.54,$180.62
11/01/2023,$178.38,1781318,$178.48,$179.27,$177.00
10/31/2023,$178.19,2930740,$174.07,$178.655,$174.00
10/30/2023,$172.64,2568591,$171.92,$173.9699,$169.70
10/27/2023,$171.99,2829577,$175.50,$176.03,$170.20
10/26/2023,$175.06,5013466,$163.00,$177.22,$162.5503
10/25/2023,$161.93,2448369,$162.22,$163.30,$160.49
10/24/2023,$163.23,2404561,$159.91,$163.70,$159.91
10/23/2023,$159.29,2187737,$158.51,$161.25,$157.25
10/20/2023,$160.09,2560764,$160.77,$162.215,$159.72
10/19/2023,$159.43,2672217,$158.47,$162.54,$158.0056
10/18/2023,$162.78,1728695,$167.01,$167.545,$162.70
10/17/2023,$166.91,1732545,$167.32,$169.92,$165.77
10/16/2023,$169.18,2062229,$166.39,$170.32,$164.52
10/13/2023,$166.96,1969368,$166.17,$168.55,$165.47
10/12/2023,$164.24,1765097,$165.87,$166.52,$162.57
10/11/2023,$165.62,2782469,$159.69,$165.80,$158.83
10/10/2023,$158.56,2794018,$159.89,$160.75,$158.29
10/09/2023,$162.02,1952110,$158.76,$162.72,$158.755
10/06/2023,$159.57,1878736,$156.80,$160.46,$154.58
10/05/2023,$158.71,1485980,$156.97,$159.29,$155.61
10/04/2023,$157.68,2217239,$158.47,$159.4469,$155.6342
10/03/2023,$158.10,1783473,$161.00,$161.97,$157.72
10/02/2023,$161.71,2061141,$163.63,$164.00,$160.61
09/29/2023,$164.45,2529281,$165.61,$165.99,$163.71
09/28/2023,$162.32,2694052,$160.40,$163.30,$158.85
09/27/2023,$159.69,3178788,$162.91,$163.45,$158.17
09/26/2023,$162.91,2702810,$163.34,$164.89,$162.65
09/25/2023,$165.72,2681106,$165.05,$165.91,$163.08
09/22/2023,$166.21,3732843,$169.04,$169.77,$165.91
09/21/2023,$169.32,2499682,$176.76,$176.7612,$169.15
09/20/2023,$177.41,1885806,$178.99,$179.71,$177.04
09/19/2023,$177.36,1612620,$178.47,$179.99,$177.07
09/18/2023,$179.53,1499122,$179.91,$181.64,$178.70
09/15/2023,$180.14,3514612,$180.97,$182.43,$179.235
09/14/2023,$181.08,1444605,$178.63,$182.22,$178.63
09/13/2023,$176.95,1639014,$178.48,$178.93,$176.37
09/12/2023,$179.19,1341477,$179.35,$179.615,$175.40
09/11/2023,$180.28,1393106,$180.76,$181.04,$177.55
09/08/2023,$180.89,1645781,$182.89,$183.30,$178.8614
09/07/2023,$182.55,2404518,$177.62,$183.53,$177.34
09/06/2023,$178.01,2313336,$180.19,$180.19,$176.14
09/05/2023,$180.42,1715242,$180.56,$182.44,$179.50
09/01/2023,$180.79,1654106,$182.49,$182.49,$179.29
08/31/2023,$181.32,1567089,$183.08,$183.52,$180.73
08/30/2023,$182.28,1858341,$182.50,$184.1875,$181.81
08/29/2023,$181.50,1573109,$178.68,$181.65,$177.78
08/28/2023,$178.17,1381865,$178.15,$179.05,$176.795
08/25/2023,$177.53,1174703,$177.09,$178.55,$175.67
08/24/2023,$177.15,1055717,$178.40,$179.525,$176.28
08/23/2023,$177.84,1655773,$177.46,$178.49,$176.725
08/22/2023,$175.73,1658405,$175.16,$176.38,$173.2101
08/21/2023,$175.02,1998504,$175.22,$175.88,$172.55
08/18/2023,$176.45,1511325,$174.69,$177.88,$174.30
08/17/2023,$176.31,2370199,$177.65,$179.655,$175.92
08/16/2023,$177.99,2200417,$185.75,$186.17,$177.4001
08/15/2023,$185.65,1487825,$185.34,$187.15,$184.19
08/14/2023,$187.15,1341963,$185.87,$187.39,$184.94
08/11/2023,$187.11,1073113,$185.83,$187.90,$185.82
08/10/2023,$186.94,1618379,$187.17,$189.325,$186.50
08/09/2023,$187.10,1475752,$183.93,$187.195,$183.47
08/08/2023,$184.61,2047317,$182.20,$184.89,$179.85
08/07/2023,$183.52,1559571,$185.00,$186.01,$182.24
08/04/2023,$184.77,1687502,$184.17,$187.795,$183.35
08/03/2023,$185.75,2493049,$189.34,$190.30,$183.68
08/02/2023,$190.62,2236423,$190.17,$191.94,$188.13
08/01/2023,$191.24,2243800,$190.75,$192.345,$189.66
07/31/2023,$190.31,1812772,$189.34,$191.685,$189.00
07/28/2023,$188.97,1714587,$194.93,$196.18,$188.94
07/27/2023,$193.23,2969643,$194.42,$200.81,$193.19
07/26/2023,$189.98,3158566,$187.04,$190.24,$186.85
07/25/2023,$186.79,2353660,$191.00,$191.485,$186.66
07/24/2023,$190.83,3420677,$185.92,$191.3199,$184.03
07/21/2023,$184.89,4474303,$184.92,$186.04,$181.605
07/20/2023,$184.65,4163961,$182.82,$184.86,$179.21
07/19/2023,$189.11,3380765,$189.33,$193.61,$188.62
07/18/2023,$185.79,3090639,$186.00,$188.9413,$182.16
07/17/2023,$186.26,4360153,$192.93,$193.205,$184.90
07/14/2023,$193.97,1712215,$196.10,$196.6637,$193.61
07/13/2023,$196.84,1750014,$195.08,$196.945,$192.80
07/12/2023,$195.43,1649199,$197.26,$198.33,$194.59
07/11/2023,$194.60,1484250,$193.64,$195.02,$192.665
07/10/2023,$193.55,1615726,$194.35,$195.63,$192.95
07/07/2023,$195.55,1830201,$194.89,$197.11,$191.885
07/06/2023,$196.01,1605642,$196.00,$197.44,$193.77
07/05/2023,$198.36,2179047,$195.00,$199.32,$194.82
07/03/2023,$195.04,970958,$193.40,$196.32,$192.66
06/30/2023,$193.94,3243175,$194.27,$195.30,$191.19
06/29/2023,$192.73,2674172,$189.81,$193.02,$188.6801
06/28/2023,$191.61,2600277,$187.74,$191.75,$185.93
06/27/2023,$187.72,1776339,$188.97,$189.42,$187.18
06/26/2023,$188.13,2308833,$185.65,$188.83,$184.82
06/23/2023,$186.03,4173278,$186.01,$189.24,$185.24
06/22/2023,$186.43,2431584,$189.62,$189.62,$186.30
06/21/2023,$189.34,2127628,$188.87,$190.07,$185.99
06/20/2023,$190.05,2139416,$191.59,$193.21,$189.95
06/16/2023,$192.89,3283334,$192.29,$194.44,$191.55
06/15/2023,$194.27,2432474,$191.55,$194.945,$189.29
06/14/2023,$193.02,2510060,$192.25,$193.77,$190.285
06/13/2023,$191.02,1946308,$188.23,$191.25,$186.94
06/12/2023,$188.56,1533473,$187.50,$188.71,$185.89
06/09/2023,$187.30,1825379,$189.98,$189.98,$184.82
06/08/2023,$190.02,1184640,$190.21,$191.12,$187.6606
06/07/2023,$190.93,1823216,$190.00,$193.69,$189.03
06/06/2023,$189.11,1390364,$189.79,$189.79,$186.27
06/05/2023,$188.64,1383058,$191.92,$193.71,$188.37
06/02/2023,$191.15,2188214,$190.28,$192.0726,$189.065
06/01/2023,$187.01,2618295,$184.19,$188.815,$184.15
05/31/2023,$184.44,7074825,$182.26,$185.64,$178.53
05/30/2023,$182.00,2483454,$184.27,$188.35,$181.31
05/26/2023,$182.18,2692181,$182.00,$183.00,$180.16
05/25/2023,$182.56,2597937,$184.58,$184.65,$181.65
05/24/2023,$183.39,2011483,$187.75,$188.13,$183.17
05/23/2023,$188.15,1755539,$192.52,$193.91,$187.65
05/22/2023,$193.47,1753997,$191.00,$195.03,$190.28
05/19/2023,$190.73,1250608,$191.42,$192.88,$189.58
05/18/2023,$191.03,2387553,$193.74,$194.26,$187.57
05/17/2023,$194.76,1181172,$192.00,$194.865,$190.79
05/16/2023,$191.04,1395580,$195.23,$196.1453,$190.97
05/15/2023,$195.46,2134852,$200.77,$202.40,$194.30
05/12/2023,$200.29,2130700,$195.89,$200.41,$195.64
05/11/2023,$195.69,1714523,$195.65,$195.98,$192.79
05/10/2023,$196.36,1628776,$195.49,$198.16,$194.82
05/09/2023,$193.52,1511522,$192.31,$194.94,$190.85
05/08/2023,$193.21,1311512,$195.51,$196.44,$192.5525
05/05/2023,$196.75,1210905,$194.94,$197.6425,$193.635
05/04/2023,$194.40,1984321,$191.27,$196.42,$191.27
05/03/2023,$191.97,1491315,$196.45,$197.45,$191.60
05/02/2023,$196.13,2133831,$199.67,$201.74,$195.68
05/01/2023,$199.50,2135963,$203.29,$203.9915,$199.36
04/28/2023,$204.39,2082284,$205.66,$206.61,$203.32
04/27/2023,$205.64,1744746,$200.34,$205.96,$200.34
04/26/2023,$200.34,1789358,$202.55,$206.47,$200.08
04/25/2023,$201.74,1339909,$203.38,$205.12,$201.59
04/24/2023,$203.94,1356696,$204.29,$205.01,$201.75
04/21/2023,$204.14,2177379,$206.59,$206.59,$202.83
04/20/2023,$205.59,1472334,$207.81,$207.81,$204.71
04/19/2023,$208.12,1186696,$207.13,$210.64,$206.78
04/18/2023,$208.18,2116106,$208.45,$208.86,$206.17
04/17/2023,$208.83,1857915,$207.77,$211.94,$207.08
04/14/2023,$206.89,1174764,$210.49,$210.77,$205.305
04/13/2023,$210.81,1686105,$210.12,$211.95,$208.81
04/12/2023,$211.26,2306315,$212.00,$213.48,$210.43
04/11/2023,$210.38,2115059,$208.32,$212.51,$207.30
04/10/2023,$208.35,1728792,$205.13,$208.73,$203.77
04/06/2023,$206.69,1273382,$205.37,$207.01,$203.53
04/05/2023,$204.69,2060205,$203.51,$207.76,$203.44
04/04/2023,$203.45,3431571,$201.26,$204.11,$200.81
04/03/2023,$201.10,2876208,$203.19,$204.95,$199.12
03/31/2023,$204.34,2558038,$201.14,$204.49,$201.01
03/30/2023,$201.18,1477845,$201.66,$202.74,$200.02
03/29/2023,$198.49,1784192,$195.36,$198.57,$195.08
03/28/2023,$192.87,1480223,$191.99,$194.25,$190.96
03/27/2023,$193.15,2389878,$200.19,$201.34,$192.76
03/24/2023,$199.62,1897744,$190.89,$199.68,$189.37
03/23/2023,$191.62,2053220,$192.30,$195.30,$190.37
03/22/2023,$192.12,1943534,$196.05,$197.685,$191.92
03/21/2023,$198.19,2578260,$201.54,$202.34,$194.63
03/20/2023,$201.95,2000732,$200.94,$203.68,$199.79
03/17/2023,$201.35,3456929,$205.41,$207.65,$200.87
03/16/2023,$205.05,2622423,$201.99,$206.15,$201.41
03/15/2023,$202.32,3117498,$197.90,$203.21,$197.74
03/14/2023,$199.83,2461552,$199.07,$200.01,$195.32
03/13/2023,$196.33,2325323,$190.90,$200.99,$189.55
03/10/2023,$191.27,2357959,$191.16,$194.54,$190.38
03/09/2023,$191.20,1463930,$195.59,$197.77,$190.75
03/08/2023,$195.77,1603067,$192.13,$197.2309,$191.37
03/07/2023,$192.37,1907035,$198.12,$198.26,$192.04
03/06/2023,$198.57,1788930,$203.88,$204.16,$198.14
03/03/2023,$202.50,2044803,$199.26,$202.58,$199.085
03/02/2023,$197.53,1884904,$193.32,$198.18,$193.32
03/01/2023,$194.89,3261010,$196.52,$198.81,$192.86
02/28/2023,$198.01,2741611,$195.10,$199.60,$194.34
02/27/2023,$195.08,2348110,$198.57,$199.86,$192.96
02/24/2023,$195.73,2727006,$198.79,$200.28,$194.08
02/23/2023,$201.96,3234006,$201.25,$203.96,$200.00
02/22/2023,$199.28,3564534,$205.08,$205.11,$198.59
02/21/2023,$204.65,1888502,$208.66,$208.66,$203.29
02/17/2023,$210.26,1793731,$210.96,$211.97,$208.49
02/16/2023,$212.00,1719821,$213.83,$214.76,$210.36
02/15/2023,$216.60,1381596,$213.51,$216.63,$213.01
02/14/2023,$215.15,1017286,$216.92,$217.52,$213.145
02/13/2023,$217.26,1352755,$217.56,$219.01,$215.39
02/10/2023,$216.72,1929886,$213.15,$217.20,$212.35
02/09/2023,$215.19,1220039,$219.43,$220.49,$214.62
02/08/2023,$218.47,1936139,$218.88,$219.99,$216.87
02/07/2023,$219.47,1834467,$218.93,$220.21,$215.80
02/06/2023,$220.57,1797855,$218.88,$221.53,$216.52
02/03/2023,$222.06,2485767,$224.41,$225.38,$218.04
02/02/2023,$227.39,2195833,$230.21,$235.49,$225.54
02/01/2023,$227.14,2601470,$221.89,$228.97,$221.065
01/31/2023,$223.39,1548484,$218.05,$223.42,$218.05
01/30/2023,$218.06,1422213,$219.99,$222.58,$217.85
01/27/2023,$220.79,1360244,$220.71,$221.925,$219.43
01/26/2023,$221.03,1126119,$219.84,$221.50,$218.50
01/25/2023,$218.66,1985144,$213.91,$219.40,$212.79
01/24/2023,$215.17,1991885,$214.93,$216.56,$212.64
01/23/2023,$215.67,2723609,$218.89,$219.99,$215.10
01/20/2023,$221.41,2990400,$221.36,$221.76,$214.46
01/19/2023,$223.35,1864404,$224.07,$227.11,$222.965
01/18/2023,$225.19,2212952,$231.26,$232.51,$224.24
01/17/2023,$231.05,2204636,$234.23,$235.57,$230.96
01/13/2023,$232.81,2007337,$229.25,$234.87,$229.25
01/12/2023,$232.21,2364724,$229.30,$232.80,$225.56
01/11/2023,$228.12,1894016,$223.71,$228.81,$223.71
01/10/2023,$221.95,1691259,$221.09,$222.95,$219.75
01/09/2023,$219.30,1727437,$220.85,$223.46,$219.14
01/06/2023,$218.50,1980390,$213.40,$219.34,$210.925
01/05/2023,$212.13,1494990,$217.07,$217.81,$211.50
01/04/2023,$219.00,1796147,$217.41,$222.54,$215.51
01/03/2023,$214.67,1812441,$214.00,$215.25,$210.97
12/30/2022,$211.86,1450509,$214.33,$215.20,$209.1766
12/29/2022,$215.74,1323910,$211.85,$216.70,$210.13
12/28/2022,$210.10,1411720,$211.35,$214.25,$209.99
12/27/2022,$210.90,1550053,$211.00,$211.68,$208.635
12/23/2022,$212.45,1146744,$209.41,$212.59,$209.01
12/22/2022,$210.60,2212186,$209.36,$211.10,$206.40
12/21/2022,$210.60,1410201,$209.79,$213.39,$209.49
12/20/2022,$208.69,1307461,$207.96,$210.43,$205.76
12/19/2022,$209.62,1401770,$213.15,$213.15,$207.76
12/16/2022,$213.45,3724220,$215.09,$215.15,$208.08
12/15/2022,$218.22,1693552,$217.32,$221.39,$216.541
12/14/2022,$219.85,1902769,$222.72,$226.9696,$219.7415
12/13/2022,$223.39,2179126,$222.96,$227.97,$220.91
12/12/2022,$215.87,1847664,$214.88,$215.93,$211.97
12/09/2022,$213.84,1646866,$211.97,$216.39,$211.27
12/08/2022,$212.25,2465283,$210.39,$213.83,$209.22
12/07/2022,$211.11,1624784,$211.93,$215.60,$209.46
12/06/2022,$212.52,1672297,$216.27,$216.845,$211.76
12/05/2022,$215.61,1454287,$215.95,$218.49,$214.58
12/02/2022,$219.37,1354622,$218.27,$220.91,$216.27
12/01/2022,$221.30,1708694,$224.42,$225.965,$219.89
11/30/2022,$221.25,3889213,$215.88,$221.34,$214.67
11/29/2022,$217.22,1848103,$214.81,$217.27,$213.32
11/28/2022,$213.90,1367286,$218.71,$220.37,$213.04
11/25/2022,$220.08,566461,$219.64,$221.24,$218.38
11/23/2022,$218.25,1210527,$218.20,$220.42,$216.26
11/22/2022,$218.13,1562378,$220.73,$221.20,$215.47
11/21/2022,$219.91,1682406,$215.59,$220.24,$215.59
11/18/2022,$215.93,2360692,$217.63,$220.21,$214.63
11/17/2022,$216.34,2144778,$217.72,$219.59,$214.385
11/16/2022,$219.15,2400809,$220.09,$223.06,$218.125
11/15/2022,$219.58,2152341,$215.40,$219.82,$215.07
11/14/2022,$215.38,1628136,$221.78,$222.165,$215.23
11/11/2022,$223.26,1915700,$222.81,$225.44,$221.02
11/10/2022,$220.90,2781282,$213.11,$221.58,$209.64
11/09/2022,$201.04,1530293,$204.01,$206.73,$200.40
11/08/2022,$203.02,2071794,$202.02,$205.488,$201.10
11/07/2022,$202.02,1828829,$204.64,$205.99,$201.70
11/04/2022,$203.92,1788136,$202.91,$204.38,$199.14
11/03/2022,$201.33,1703849,$203.21,$204.56,$201.08
11/02/2022,$205.19,2655696,$206.73,$212.01,$202.345
11/01/2022,$207.88,1907060,$209.41,$213.315,$206.59
10/31/2022,$207.19,2513463,$201.65,$209.88,$200.70
10/28/2022,$204.71,2613812,$197.30,$208.37,$197.30
10/27/2022,$198.68,3414473,$198.87,$203.95,$196.1803
10/26/2022,$196.92,2512311,$195.32,$199.31,$194.21
10/25/2022,$195.53,2495243,$185.96,$196.05,$185.92
10/24/2022,$185.40,1856435,$189.92,$191.43,$184.18
10/21/2022,$187.56,2078086,$188.97,$188.97,$183.1273
10/20/2022,$188.00,2515648,$191.15,$191.155,$185.37
10/19/2022,$190.99,1824883,$195.01,$196.19,$190.51
10/18/2022,$197.22,3253609,$194.52,$197.94,$194.22
10/17/2022,$192.49,3040978,$189.76,$195.90,$188.83
10/14/2022,$185.78,2466536,$191.61,$192.67,$185.06
10/13/2022,$189.85,3518266,$179.87,$191.44,$178.17
10/12/2022,$183.79,2572497,$188.58,$189.35,$182.30
10/11/2022,$189.27,2463256,$189.44,$191.98,$185.27
10/10/2022,$189.58,1992344,$196.00,$198.17,$188.96
10/07/2022,$194.63,3165300,$199.12,$201.03,$193.41
10/06/2022,$203.07,2908664,$213.62,$214.16,$202.78
10/05/2022,$214.14,1518768,$217.14,$217.54,$211.38
10/04/2022,$220.08,2032978,$218.95,$224.34,$217.965
10/03/2022,$217.17,2102261,$216.89,$219.20,$212.35
09/30/2022,$214.70,2501939,$215.86,$217.32,$212.03
09/29/2022,$213.72,2096505,$218.34,$220.1699,$211.38
09/28/2022,$221.06,1988815,$223.59,$223.93,$219.81
09/27/2022,$220.60,1900882,$223.88,$226.50,$219.47
09/26/2022,$221.37,2146859,$229.14,$229.14,$218.13
09/23/2022,$228.81,1907135,$230.91,$231.88,$225.63
09/22/2022,$232.78,1446047,$232.71,$236.46,$232.21
09/21/2022,$234.15,1942407,$239.97,$242.44,$234.045
09/20/2022,$237.90,2093034,$245.35,$245.85,$237.325
09/19/2022,$247.50,1249352,$244.40,$247.78,$241.58
09/16/2022,$245.89,3287522,$244.43,$247.65,$243.97
09/15/2022,$245.06,1561437,$251.59,$251.985,$244.59
09/14/2022,$251.82,2087005,$251.43,$255.09,$249.78
09/13/2022,$254.63,1711368,$260.55,$262.215,$253.96
09/12/2022,$265.09,946188,$262.06,$265.56,$261.96
09/09/2022,$261.59,880074,$262.49,$263.2118,$259.67
09/08/2022,$261.67,1518728,$259.66,$262.00,$257.26
09/07/2022,$259.50,1095808,$254.93,$260.05,$253.65
09/06/2022,$254.18,1163730,$252.11,$256.47,$251.00
09/02/2022,$250.85,1387679,$259.54,$260.975,$250.48
09/01/2022,$257.64,1590489,$252.94,$257.75,$251.62
08/31/2022,$254.05,2005133,$253.86,$256.21,$252.97
08/30/2022,$253.40,1211175,$259.90,$260.68,$252.6983
08/29/2022,$259.72,1577915,$259.80,$262.64,$258.19
08/26/2022,$261.19,1227396,$267.87,$268.31,$261.07
08/25/2022,$268.24,1367408,$265.75,$268.46,$262.31
08/24/2022,$264.48,1372907,$266.29,$266.71,$264.10
08/23/2022,$265.23,971044,$268.32,$268.90,$263.32
08/22/2022,$269.75,946886,$272.32,$274.15,$268.925
08/19/2022,$274.41,2110662,$274.99,$277.59,$273.39
08/18/2022,$275.49,1139050,$277.52,$279.199,$272.92
08/17/2022,$277.46,1059047,$276.85,$278.98,$275.44
08/16/2022,$278.45,1183534,$278.85,$280.08,$275.89
08/15/2022,$281.52,1329151,$278.39,$282.47,$278.13
08/12/2022,$277.72,1110090,$275.68,$277.905,$274.64
08/11/2022,$273.95,1260462,$278.92,$278.92,$273.27
08/10/2022,$277.79,1351227,$279.97,$279.97,$275.07
08/09/2022,$276.18,1459759,$273.83,$277.32,$270.35
08/08/2022,$273.00,968855,$274.75,$276.875,$271.33
08/05/2022,$272.19,1156388,$268.37,$272.43,$267.035
08/04/2022,$271.27,1257846,$269.15,$271.72,$268.00
08/03/2022,$268.83,1370203,$267.84,$269.93,$264.87
08/02/2022,$266.63,1681063,$269.10,$271.18,$266.03
08/01/2022,$268.62,1323131,$270.28,$271.755,$266.26
07/29/2022,$270.83,1821179,$270.35,$273.95,$267.51
07/28/2022,$268.90,2589510,$261.46,$269.56,$260.06
07/27/2022,$258.28,1505440,$259.52,$261.238,$255.375
07/26/2022,$258.98,1579766,$258.56,$263.07,$257.82
07/25/2022,$257.34,1593317,$259.35,$259.66,$255.90
07/22/2022,$259.60,1587501,$256.55,$260.36,$255.7634
07/21/2022,$255.40,1290350,$250.17,$255.9899,$248.19
07/20/2022,$249.74,1573621,$256.00,$257.93,$249.43
07/19/2022,$257.16,1506361,$251.61,$257.27,$251.50
07/18/2022,$249.25,1608197,$256.91,$257.79,$248.58
07/15/2022,$257.20,1181127,$259.88,$260.785,$255.33
07/14/2022,$256.51,1579240,$251.75,$257.85,$251.43
07/13/2022,$255.92,1188505,$252.41,$258.21,$251.17
07/12/2022,$255.49,1650918,$256.95,$258.74,$253.15
07/11/2022,$257.99,1299534,$255.00,$258.46,$252.49
07/08/2022,$255.01,936028,$255.32,$257.88,$253.72
07/07/2022,$257.18,1089631,$258.50,$260.58,$255.415
07/06/2022,$258.23,1170899,$257.96,$260.58,$256.695
07/05/2022,$255.94,1321658,$255.49,$256.06,$249.63
07/01/2022,$258.40,1363377,$254.53,$259.035,$252.44
06/30/2022,$255.59,1938097,$251.61,$257.705,$250.21
06/29/2022,$253.16,1863735,$250.03,$253.93,$247.15
06/28/2022,$252.93,1601891,$260.00,$260.48,$252.12
06/27/2022,$259.33,2018918,$262.23,$264.09,$258.14
06/24/2022,$261.65,3131490,$260.76,$262.13,$256.58
06/23/2022,$258.31,2553123,$253.06,$259.795,$252.73
06/22/2022,$252.01,3130202,$242.32,$258.82,$242.25
06/21/2022,$246.85,2502006,$242.00,$248.54,$241.89
06/17/2022,$236.17,4291846,$233.70,$238.265,$232.12
06/16/2022,$234.18,1668510,$234.78,$236.99,$232.31
06/15/2022,$241.40,2076667,$235.40,$244.50,$235.01
06/14/2022,$234.49,2584892,$239.18,$240.48,$232.66
06/13/2022,$240.03,2272946,$245.00,$247.145,$238.97
06/10/2022,$251.01,2188222,$257.01,$257.84,$250.11
06/09/2022,$260.20,2051225,$261.17,$267.73,$260.02
06/08/2022,$264.46,1550443,$265.64,$269.04,$263.32
06/07/2022,$266.15,2135157,$266.18,$266.99,$259.16
06/06/2022,$267.36,4197136,$269.79,$271.09,$266.17
06/03/2022,$266.73,7332223,$261.82,$269.50,$260.75
06/02/2022,$262.36,2781835,$246.06,$263.19,$245.68
06/01/2022,$252.56,1418093,$256.13,$256.13,$250.85
05/31/2022,$256.13,2829603,$257.76,$259.04,$255.23
05/27/2022,$260.96,1786270,$256.52,$262.56,$254.83
05/26/2022,$254.69,1487229,$260.72,$262.27,$253.96
05/25/2022,$260.29,2392874,$256.79,$261.19,$252.58
05/24/2022,$258.52,2174398,$249.49,$259.305,$248.69
05/23/2022,$249.42,1697449,$245.59,$249.72,$243.5399
05/20/2022,$244.28,2853943,$235.45,$245.17,$234.305
05/19/2022,$233.25,1825919,$230.00,$236.188,$229.21
05/18/2022,$230.63,1623960,$232.57,$233.30,$229.51
05/17/2022,$233.00,1728456,$233.20,$233.63,$229.40
05/16/2022,$230.22,1203104,$232.61,$234.89,$230.03
05/13/2022,$232.66,2229477,$227.18,$232.89,$226.185
05/12/2022,$225.50,2193756,$224.67,$226.57,$222.02
05/11/2022,$224.72,2104272,$226.45,$229.38,$223.93
05/10/2022,$224.75,2411709,$232.63,$234.14,$222.3327
05/09/2022,$231.09,2423354,$242.13,$242.13,$229.96
05/06/2022,$244.07,1843149,$239.25,$245.12,$238.80
05/05/2022,$241.48,1375959,$244.98,$246.47,$239.70
05/04/2022,$245.64,1098650,$240.63,$246.04,$238.67
05/03/2022,$241.01,1367134,$236.95,$243.00,$235.32
05/02/2022,$236.95,2127652,$241.38,$245.275,$232.73
04/29/2022,$241.02,2151909,$250.31,$251.3128,$240.68
04/28/2022,$252.18,2417451,$252.62,$253.86,$245.21
04/27/2022,$252.85,2049618,$256.01,$258.00,$251.55
04/26/2022,$254.82,1883330,$258.83,$261.21,$254.44
04/25/2022,$259.52,1656756,$262.10,$262.9997,$255.11
04/22/2022,$261.90,1664695,$267.13,$267.13,$261.85
04/21/2022,$266.75,1712477,$268.89,$271.5269,$266.16
04/20/2022,$267.59,1807562,$259.75,$267.95,$259.14
04/19/2022,$258.77,1308493,$254.85,$259.55,$254.78
04/18/2022,$253.91,1072713,$254.14,$257.38,$252.15
04/14/2022,$255.54,2312312,$257.94,$258.345,$255.00
04/13/2022,$257.16,1317790,$258.07,$258.23,$254.94
04/12/2022,$257.18,1518083,$258.88,$260.15,$255.63
04/11/2022,$263.31,2158648,$266.59,$267.74,$262.59
04/08/2022,$266.41,1559108,$266.16,$268.49,$264.03
04/07/2022,$265.73,1752353,$265.96,$267.85,$264.02
04/06/2022,$268.62,2749739,$261.19,$269.14,$260.51
04/05/2022,$262.92,1956269,$257.55,$265.355,$257.04
04/04/2022,$257.83,1989813,$256.98,$259.37,$256.13
04/01/2022,$256.95,1636310,$251.22,$257.385,$250.10
03/31/2022,$251.22,3315586,$251.91,$254.07,$250.695
03/30/2022,$250.87,1385431,$249.15,$250.92,$247.37
03/29/2022,$250.55,1917462,$247.64,$251.23,$247.265
03/28/2022,$245.03,1382794,$241.75,$245.19,$241.00
03/25/2022,$240.69,1530214,$237.42,$241.325,$236.54
03/24/2022,$235.49,2081191,$233.60,$235.56,$230.67
03/23/2022,$234.00,1968581,$239.07,$240.22,$233.71
03/22/2022,$239.67,1909859,$242.23,$243.29,$239.11
03/21/2022,$241.64,1601436,$241.81,$245.00,$240.03
03/18/2022,$242.53,3668166,$247.17,$248.46,$241.80
03/17/2022,$245.14,1876346,$238.49,$245.24,$238.49
03/16/2022,$239.63,1902024,$237.82,$240.42,$235.67
03/15/2022,$236.21,1422307,$236.63,$238.36,$234.08
03/14/2022,$234.93,1652426,$235.97,$237.16,$232.45
03/11/2022,$234.84,1889183,$235.31,$238.03,$234.68
03/10/2022,$232.80,1300343,$230.93,$233.48,$227.10
03/09/2022,$233.11,1481262,$231.65,$236.47,$231.25
03/08/2022,$227.97,2058048,$232.52,$236.65,$227.51
03/07/2022,$232.02,1499174,$237.12,$237.865,$231.03
03/04/2022,$238.28,2396600,$233.97,$239.23,$233.97
03/03/2022,$235.24,2702699,$233.48,$236.80,$231.52
03/02/2022,$231.00,2160356,$228.31,$232.77,$227.74
03/01/2022,$228.55,2467253,$228.00,$230.915,$226.68
02/28/2022,$226.87,3690443,$231.15,$231.395,$223.395
02/25/2022,$233.66,2309531,$231.70,$234.45,$226.79
02/24/2022,$231.75,2699757,$221.81,$232.62,$220.00
02/23/2022,$227.45,1934035,$229.89,$231.45,$226.7306
02/22/2022,$228.37,2521584,$228.24,$230.90,$224.53
02/18/2022,$228.44,2705423,$228.82,$231.30,$226.71
02/17/2022,$228.67,1721132,$232.01,$232.51,$227.76
02/16/2022,$232.33,1275667,$233.40,$233.75,$229.75
02/15/2022,$233.39,1696356,$237.06,$237.15,$232.275
02/14/2022,$234.29,1810113,$237.90,$238.56,$232.75
02/11/2022,$236.90,2379643,$242.96,$244.95,$235.49
02/10/2022,$242.51,1453093,$246.63,$249.46,$241.18
02/09/2022,$249.89,1824658,$248.15,$250.46,$246.73
02/08/2022,$245.32,1303881,$245.59,$247.33,$243.07
02/07/2022,$246.26,1171570,$245.77,$248.36,$244.50
02/04/2022,$246.43,1275922,$248.16,$250.00,$245.0453
02/03/2022,$250.70,1367343,$250.90,$252.69,$249.86
02/02/2022,$252.34,1446026,$251.88,$254.47,$251.55
02/01/2022,$250.15,1665909,$251.07,$252.45,$247.59
01/31/2022,$251.50,2664999,$245.91,$251.68,$244.98
01/28/2022,$246.77,2106710,$237.57,$246.85,$233.67
01/27/2022,$236.43,2722376,$241.55,$245.05,$235.22
01/26/2022,$242.60,2325038,$250.63,$254.37,$240.399
01/25/2022,$250.53,2065760,$245.79,$252.40,$245.39
01/24/2022,$248.40,2708795,$241.31,$249.33,$239.0001
01/21/2022,$244.76,3504960,$249.73,$250.78,$243.76
01/20/2022,$245.94,2120932,$249.89,$252.855,$245.54
01/19/2022,$249.00,2200027,$251.212,$253.26,$248.08
01/18/2022,$250.23,2523662,$248.63,$250.9684,$247.78
01/14/2022,$250.62,2549879,$253.64,$254.20,$246.085
01/13/2022,$255.44,1728049,$260.00,$260.23,$255.06
01/12/2022,$259.39,1876905,$259.88,$264.50,$258.85
01/11/2022,$260.49,1884349,$259.41,$261.61,$256.10
01/10/2022,$264.41,2113599,$267.35,$267.35,$258.61
01/07/2022,$266.58,2244354,$264.03,$269.24,$261.00
01/06/2022,$264.89,2473075,$263.91,$265.38,$256.77
01/05/2022,$264.57,4486313,$278.97,$279.44,$262.227
01/04/2022,$282.77,1813438,$287.19,$288.25,$282.4558
01/03/2022,$286.38,1598003,$292.37,$292.545,$280.2843
12/31/2021,$292.50,1274218,$291.40,$294.40,$289.94
12/30/2021,$291.14,1370264,$289.61,$291.99,$287.41
12/29/2021,$288.88,1430584,$286.80,$289.50,$286.80
12/28/2021,$288.49,1065659,$285.76,$288.94,$284.72
12/27/2021,$285.76,1235254,$280.06,$285.91,$278.46
12/23/2021,$278.74,1016008,$280.00,$280.46,$276.4614
12/22/2021,$281.25,914341,$278.95,$281.34,$277.705
12/21/2021,$277.85,1382015,$280.30,$282.04,$276.58
12/20/2021,$278.46,1551152,$275.85,$279.535,$275.01
12/17/2021,$278.86,3248735,$279.25,$283.75,$277.82
12/16/2021,$279.47,1791520,$274.80,$279.67,$274.715
12/15/2021,$274.35,1932577,$274.16,$276.19,$271.12
12/14/2021,$273.41,2225072,$274.47,$278.10,$271.01
12/13/2021,$276.02,1836423,$272.00,$277.33,$270.35
12/10/2021,$272.57,1352392,$270.91,$274.175,$269.45
12/09/2021,$271.06,1116096,$275.88,$276.99,$270.93
12/08/2021,$275.85,1327825,$276.39,$277.92,$273.54
12/07/2021,$276.81,2133034,$271.25,$277.32,$271.25
12/06/2021,$269.57,1864992,$268.53,$272.90,$267.34
12/03/2021,$266.96,1804005,$265.72,$269.23,$263.46
12/02/2021,$266.24,1902620,$259.73,$267.74,$259.27
12/01/2021,$258.95,2629364,$263.98,$267.54,$258.51
11/30/2021,$262.48,2759474,$264.16,$268.15,$262.36
11/29/2021,$266.94,1842963,$264.13,$269.31,$261.49
11/26/2021,$262.87,1161752,$266.58,$267.50,$262.27
11/24/2021,$265.48,1321092,$262.88,$266.01,$260.50
11/23/2021,$262.00,2071114,$258.26,$262.21,$256.75
11/22/2021,$257.63,1835349,$260.00,$261.06,$256.63
11/19/2021,$260.98,2036752,$260.90,$264.29,$259.61
11/18/2021,$258.96,2436834,$257.60,$259.77,$253.40
11/17/2021,$257.53,3451709,$259.10,$260.40,$254.70
11/16/2021,$259.04,2783241,$262.13,$262.33,$258.63
11/15/2021,$260.50,3467573,$267.33,$268.535,$259.14
11/12/2021,$272.10,991162,$274.49,$275.22,$271.60
11/11/2021,$272.48,1221771,$276.13,$276.70,$270.37
11/10/2021,$275.88,925317,$278.63,$281.48,$275.56
11/09/2021,$279.92,823290,$279.89,$281.61,$278.8001
11/08/2021,$278.76,1014052,$278.25,$279.22,$273.43
11/05/2021,$277.83,1213952,$280.94,$281.44,$276.70
11/04/2021,$278.95,1381144,$281.80,$283.45,$277.64
11/03/2021,$280.60,1133581,$283.72,$285.42,$276.465
11/02/2021,$282.65,1532480,$282.81,$285.29,$279.51
11/01/2021,$282.10,1520492,$282.86,$283.16,$276.41
10/29/2021,$281.97,2532004,$284.23,$284.93,$279.64
10/28/2021,$286.01,1391588,$285.50,$289.99,$282.85
10/27/2021,$285.42,1280336,$288.22,$291.17,$285.31
10/26/2021,$286.94,1742322,$286.00,$289.56,$285.40
10/25/2021,$284.58,1194663,$284.50,$285.68,$280.62
10/22/2021,$284.45,1496558,$279.78,$285.31,$279.00
10/21/2021,$279.04,1269131,$275.79,$279.38,$273.28
10/20/2021,$276.04,1109764,$274.10,$276.875,$274.10
10/19/2021,$272.90,1816952,$269.72,$277.46,$269.04
10/18/2021,$268.00,1354372,$268.44,$270.25,$266.93
10/15/2021,$269.33,3091326,$269.79,$271.38,$267.08
10/14/2021,$267.87,1370049,$265.45,$268.39,$265.07
10/13/2021,$264.18,1646662,$263.30,$264.39,$259.32
10/12/2021,$264.55,1352670,$262.77,$265.89,$261.57
10/11/2021,$261.60,1074783,$261.92,$263.47,$260.5227
10/08/2021,$262.08,1064294,$266.08,$266.135,$261.41
10/07/2021,$266.11,1185130,$269.20,$271.78,$265.61
10/06/2021,$267.96,1421116,$263.38,$268.45,$261.1101
10/05/2021,$264.55,1649207,$265.40,$266.92,$262.31
10/04/2021,$265.23,1387676,$265.91,$267.38,$262.15
10/01/2021,$266.61,1784730,$267.01,$269.0162,$265.0872
09/30/2021,$265.41,2090777,$271.37,$272.37,$265.27
09/29/2021,$270.01,1448475,$269.90,$271.3875,$268.1901
09/28/2021,$268.75,2317616,$270.80,$271.99,$266.77
09/27/2021,$274.10,1776671,$280.91,$281.85,$273.67
09/24/2021,$282.18,2318706,$287.89,$288.425,$281.3571
09/23/2021,$288.00,1634089,$293.50,$293.50,$285.43
09/22/2021,$293.55,1172896,$292.10,$294.92,$290.19
09/21/2021,$291.87,1161580,$292.25,$294.22,$290.67
09/20/2021,$291.19,2374735,$291.54,$294.15,$287.61
09/17/2021,$293.75,2995194,$293.84,$297.55,$293.57
09/16/2021,$297.14,906556,$296.79,$298.00,$292.84
09/15/2021,$297.26,1044162,$296.62,$297.83,$294.25
09/14/2021,$296.40,1109712,$295.29,$297.79,$294.81
09/13/2021,$294.61,1270086,$296.51,$298.42,$293.18
09/10/2021,$293.88,1488665,$296.49,$297.155,$290.06
09/09/2021,$296.82,1243084,$302.50,$303.71,$296.69
09/08/2021,$303.62,1512682,$298.66,$303.72,$298.37
09/07/2021,$299.22,1535395,$300.50,$301.94,$295.10
09/03/2021,$302.01,1645280,$300.05,$302.30,$297.17
09/02/2021,$300.89,1796038,$298.10,$300.98,$295.69
09/01/2021,$297.96,1658529,$292.85,$298.4399,$291.99
08/31/2021,$292.17,2327071,$289.83,$292.73,$288.795
08/30/2021,$291.68,1632626,$285.50,$291.77,$285.22
08/27/2021,$285.50,882387,$284.82,$285.81,$282.205
08/26/2021,$283.18,960962,$282.22,$284.87,$281.72
08/25/2021,$282.90,973412,$284.65,$284.69,$281.72
08/24/2021,$284.60,977960,$289.49,$289.81,$283.39
08/23/2021,$288.51,1071401,$289.38,$290.335,$287.31
08/20/2021,$290.82,1712846,$289.40,$291.82,$287.75
08/19/2021,$289.14,1203217,$281.59,$289.73,$281.59
08/18/2021,$283.38,1146165,$285.96,$287.285,$283.33
08/17/2021,$286.53,922491,$281.14,$286.73,$281.14
08/16/2021,$283.20,1068100,$282.92,$284.56,$281.77
08/13/2021,$282.92,807987,$280.43,$282.95,$279.205
08/12/2021,$280.05,874399,$278.00,$280.475,$276.15
08/11/2021,$277.22,871555,$276.41,$277.695,$275.37
08/10/2021,$275.30,1293233,$281.55,$281.98,$275.00
08/09/2021,$280.06,1093340,$282.00,$282.42,$278.95
08/06/2021,$282.12,1460140,$281.40,$283.44,$281.01
08/05/2021,$282.76,1307753,$286.43,$286.72,$281.13
08/04/2021,$284.87,1315122,$284.79,$285.76,$281.71
08/03/2021,$284.35,1000032,$283.70,$285.82,$282.81
08/02/2021,$283.62,1219283,$283.50,$286.13,$283.17
07/30/2021,$282.80,1762184,$284.69,$286.635,$282.73
07/29/2021,$283.00,1768233,$286.00,$289.5121,$282.26
07/28/2021,$284.98,1636048,$286.94,$287.30,$283.75
07/27/2021,$286.88,1229223,$285.01,$287.50,$284.03
07/26/2021,$284.61,1174401,$283.37,$284.93,$282.494
07/23/2021,$285.26,1144241,$282.25,$285.74,$280.73
07/22/2021,$281.60,1152328,$279.70,$282.12,$276.89
07/21/2021,$280.26,1166995,$282.68,$283.135,$279.93
07/20/2021,$283.00,1502643,$283.11,$284.44,$279.69
07/19/2021,$280.89,2166943,$282.90,$284.6499,$278.56
07/16/2021,$282.46,2100759,$282.24,$284.11,$281.14
07/15/2021,$281.28,1082462,$282.10,$283.22,$279.03
07/14/2021,$281.37,1198062,$278.00,$282.42,$277.01
07/13/2021,$278.53,1228229,$278.14,$281.62,$277.64
07/12/2021,$279.99,1323719,$279.17,$280.65,$277.74
07/09/2021,$278.45,1151760,$277.67,$278.76,$275.32
07/08/2021,$277.92,1179565,$277.95,$280.2099,$276.12
07/07/2021,$278.17,1732328,$275.25,$279.66,$274.01
07/06/2021,$275.73,1742700,$272.87,$275.88,$271.57
07/02/2021,$272.87,1207859,$271.30,$273.50,$271.30
07/01/2021,$270.33,1537005,$268.63,$271.74,$267.6519
06/30/2021,$270.14,1857973,$272.97,$274.81,$270.03
06/29/2021,$272.79,1624146,$271.41,$273.78,$270.26
06/28/2021,$271.79,1808670,$268.37,$272.00,$268.37
06/25/2021,$266.54,1882674,$264.41,$267.46,$263.81
06/24/2021,$264.15,910646,$265.54,$266.15,$262.335
06/23/2021,$264.22,1330564,$266.00,$266.61,$263.525
06/22/2021,$266.61,1156941,$267.78,$268.38,$266.48
06/21/2021,$267.74,1471146,$265.99,$268.15,$264.0113
06/18/2021,$265.94,2770523,$268.76,$269.58,$265.92
06/17/2021,$269.51,1360748,$264.52,$269.60,$263.78
06/16/2021,$266.53,1595847,$271.59,$271.81,$265.7644
06/15/2021,$270.47,1166190,$270.86,$271.30,$268.62
06/14/2021,$270.94,1152668,$268.43,$271.00,$267.36
06/11/2021,$268.35,1335828,$269.68,$269.79,$266.83
06/10/2021,$270.82,1312089,$266.35,$270.89,$265.6793
06/09/2021,$267.01,1239007,$266.955,$268.54,$266.50
06/08/2021,$266.02,1424319,$269.21,$269.21,$264.35
06/07/2021,$268.63,1810746,$266.09,$269.12,$265.12
06/04/2021,$265.28,1789947,$264.59,$265.66,$263.05
06/03/2021,$263.35,1543996,$262.83,$263.61,$260.76
06/02/2021,$262.93,1912764,$259.00,$263.00,$258.255
06/01/2021,$258.57,1722271,$256.64,$258.68,$254.95
05/28/2021,$255.46,1494585,$256.51,$257.53,$255.46
05/27/2021,$254.11,3149508,$254.06,$256.14,$252.90
05/26/2021,$254.46,1519946,$254.18,$256.565,$252.75
05/25/2021,$253.37,1325029,$253.35,$254.73,$249.44
05/24/2021,$252.78,1170145,$250.70,$253.945,$250.24
05/21/2021,$249.95,1586433,$250.80,$251.48,$248.91
05/20/2021,$250.82,1419104,$246.62,$251.73,$245.21
05/19/2021,$246.04,2177370,$244.92,$247.395,$242.93
05/18/2021,$246.35,2022969,$245.86,$248.14,$241.44
05/17/2021,$245.89,1443429,$245.00,$247.50,$244.85
05/14/2021,$246.76,1714467,$245.17,$247.82,$244.62
05/13/2021,$244.00,1474236,$243.00,$245.32,$240.87
05/12/2021,$241.96,1621392,$246.09,$247.03,$241.43
05/11/2021,$247.32,1779179,$247.47,$248.00,$244.00
05/10/2021,$248.62,2134211,$249.00,$250.61,$247.373
05/07/2021,$247.49,5548517,$245.65,$249.03,$245.01
05/06/2021,$244.02,5244240,$244.27,$246.83,$242.35
05/05/2021,$248.60,1997714,$244.70,$249.645,$244.03
05/04/2021,$248.88,1826675,$252.95,$252.95,$247.62
05/03/2021,$252.42,1717307,$253.95,$254.24,$252.15
04/30/2021,$254.77,1816406,$249.98,$255.00,$249.60
04/29/2021,$250.41,1901897,$253.00,$253.00,$245.37
04/28/2021,$251.95,1389166,$252.58,$254.66,$251.41
04/27/2021,$252.49,1324507,$253.68,$254.55,$251.63
04/26/2021,$252.99,1494356,$254.10,$254.9643,$252.24
04/23/2021,$254.04,1511559,$251.67,$255.28,$251.24
04/22/2021,$251.54,1222837,$250.73,$254.02,$250.09
04/21/2021,$252.18,1096385,$254.07,$255.03,$251.07
04/20/2021,$252.67,1837385,$247.74,$253.85,$247.74
04/19/2021,$248.54,1209662,$248.64,$249.22,$246.365
04/16/2021,$248.62,1752988,$248.39,$250.02,$245.70
04/15/2021,$247.16,2096435,$242.03,$247.26,$242.03
04/14/2021,$241.68,1637243,$243.14,$244.40,$240.86
04/13/2021,$243.01,2242174,$241.50,$243.41,$240.82
04/12/2021,$241.50,1463250,$240.70,$241.52,$238.80
04/09/2021,$240.39,1888363,$240.90,$241.45,$239.40
04/08/2021,$241.11,1791721,$245.27,$246.14,$240.76
04/07/2021,$244.71,2143274,$243.62,$245.87,$240.95
04/06/2021,$243.58,1771797,$244.09,$244.13,$241.18
04/05/2021,$244.75,1716725,$240.78,$244.9399,$240.33
04/01/2021,$240.06,1726893,$240.06,$240.50,$237.01
03/31/2021,$239.06,2143158,$236.40,$240.89,$235.70
03/30/2021,$237.15,1657238,$240.21,$240.6699,$235.63
03/29/2021,$241.83,2211777,$237.55,$242.82,$236.4801
03/26/2021,$238.82,2705544,$230.87,$239.07,$229.06
03/25/2021,$227.22,1859925,$227.15,$228.47,$226.035
03/24/2021,$227.00,2440781,$227.21,$229.26,$223.91
03/23/2021,$229.85,1771505,$226.59,$231.38,$225.58
03/22/2021,$225.83,1917772,$221.86,$227.69,$221.33
03/19/2021,$221.86,4789660,$222.85,$225.05,$221.36
03/18/2021,$222.51,2486138,$220.80,$223.78,$219.09
03/17/2021,$223.17,2265454,$221.27,$223.4833,$220.47
03/16/2021,$222.84,1929651,$219.73,$223.81,$218.4957
03/15/2021,$218.49,1849147,$215.70,$218.79,$214.56
03/12/2021,$215.20,2251991,$213.90,$217.50,$212.28
03/11/2021,$213.90,3737265,$206.41,$215.6098,$205.66
03/10/2021,$204.42,3080525,$202.70,$205.68,$201.35
03/09/2021,$202.70,2988315,$199.98,$204.66,$199.78
03/08/2021,$198.66,3155595,$200.29,$204.72,$197.50
03/05/2021,$200.00,3455872,$202.83,$204.0655,$198.02
03/04/2021,$201.19,3211972,$203.66,$206.42,$200.51
03/03/2021,$202.91,3269627,$208.81,$209.03,$202.91
03/02/2021,$208.81,2978773,$214.53,$214.87,$208.76
03/01/2021,$213.77,2733712,$218.56,$219.43,$213.52
02/26/2021,$216.13,3211150,$224.66,$225.46,$216.02
02/25/2021,$224.75,2912413,$223.60,$227.89,$221.4139
02/24/2021,$224.78,1696427,$223.17,$226.45,$222.40
02/23/2021,$223.17,1731880,$226.33,$228.08,$221.65
02/22/2021,$225.07,1774463,$226.69,$227.25,$222.19
02/19/2021,$226.37,2034381,$228.61,$229.82,$226.225
02/18/2021,$228.26,1133619,$225.57,$228.515,$225.24
02/17/2021,$226.31,1234901,$223.51,$226.73,$223.05
02/16/2021,$224.98,1444539,$227.59,$227.59,$223.21
02/12/2021,$227.19,1632181,$227.82,$228.54,$223.5531
02/11/2021,$227.82,1412262,$230.79,$231.60,$227.09
02/10/2021,$231.66,1539076,$232.42,$234.17,$230.47
02/09/2021,$231.66,1263298,$231.25,$234.74,$231.06
02/08/2021,$232.79,1775177,$233.02,$233.37,$228.80
02/05/2021,$232.99,1609270,$232.64,$234.97,$231.63
02/04/2021,$232.20,1934148,$232.13,$235.235,$231.28
02/03/2021,$232.31,2503085,$234.75,$235.53,$230.77
02/02/2021,$236.15,2045503,$236.08,$237.98,$234.58
02/01/2021,$235.57,2172312,$229.17,$235.68,$225.95
01/29/2021,$227.36,2701193,$226.87,$228.78,$225.08
01/28/2021,$228.31,2685648,$227.71,$232.96,$226.61
01/27/2021,$229.06,2763119,$234.14,$234.14,$227.62
01/26/2021,$232.29,2838712,$227.84,$232.9875,$224.31
01/25/2021,$227.51,2402031,$224.00,$228.7325,$222.13
01/22/2021,$223.92,2113945,$222.10,$225.00,$221.86
01/21/2021,$222.20,1736783,$220.95,$223.155,$218.36
01/20/2021,$222.78,2399026,$217.75,$223.60,$216.08
01/19/2021,$216.88,2536351,$220.86,$221.52,$215.9638
01/15/2021,$219.89,2404658,$214.99,$220.455,$214.22
01/14/2021,$214.99,3735087,$217.00,$217.24,$214.41
01/13/2021,$216.46,2314782,$214.29,$217.17,$213.90
01/12/2021,$214.91,2469007,$214.62,$215.78,$210.661
01/11/2021,$214.92,2284929,$221.26,$221.97,$214.19
01/08/2021,$222.20,2310374,$218.24,$223.82,$218.11
01/07/2021,$217.50,2933847,$215.27,$219.51,$214.683
01/06/2021,$214.89,3230931,$219.50,$219.68,$214.56
01/05/2021,$220.71,2481709,$220.12,$222.60,$219.09
01/04/2021,$219.60,2786529,$226.07,$226.21,$219.27
12/31/2020,$224.46,1669458,$219.76,$224.665,$219.60
12/30/2020,$220.34,1361418,$220.51,$221.53,$219.35
12/29/2020,$220.48,1283168,$222.21,$223.42,$220.42
12/28/2020,$221.07,1842663,$218.87,$221.45,$217.43
12/24/2020,$218.65,705688,$216.44,$219.39,$216.19
12/23/2020,$217.40,1553462,$221.27,$223.60,$217.38
12/22/2020,$220.49,1845688,$219.29,$220.85,$218.27
12/21/2020,$219.78,1963474,$218.36,$220.50,$217.135
12/18/2020,$221.52,4538084,$222.18,$223.23,$219.84
12/17/2020,$222.71,2484642,$221.10,$223.60,$220.13
12/16/2020,$219.62,2347646,$218.28,$219.80,$215.68
12/15/2020,$217.25,2181373,$217.08,$218.36,$215.554
12/14/2020,$216.72,2501582,$220.97,$222.43,$216.40
12/11/2020,$219.82,2893621,$218.00,$220.17,$215.41
12/10/2020,$219.41,3028093,$220.21,$221.93,$218.48
12/09/2020,$219.44,3413493,$222.72,$223.04,$216.22
12/08/2020,$223.61,2607345,$223.27,$224.772,$222.18
12/07/2020,$224.27,2554530,$227.66,$228.79,$223.35
12/04/2020,$228.67,3298454,$226.75,$228.90,$224.44
12/03/2020,$226.22,3702871,$229.52,$230.76,$225.79
12/02/2020,$228.90,2755200,$234.79,$235.83,$228.59
12/01/2020,$235.83,2471117,$232.00,$236.39,$231.72
11/30/2020,$231.20,3547305,$234.00,$234.14,$228.75
11/27/2020,$234.09,937418,$233.96,$234.09,$230.58
11/25/2020,$233.00,2479035,$229.29,$233.37,$228.65
11/24/2020,$228.06,2636104,$231.04,$231.845,$227.39
11/23/2020,$228.91,2848945,$233.56,$233.61,$228.62
11/20/2020,$232.66,1965888,$238.19,$238.43,$232.50
11/19/2020,$238.43,1636457,$237.09,$238.88,$233.37
11/18/2020,$237.70,1617619,$238.31,$242.31,$237.21
11/17/2020,$239.18,1354284,$239.00,$240.87,$238.305
11/16/2020,$239.09,1433297,$244.76,$245.59,$238.85
11/13/2020,$243.09,1476478,$239.76,$243.72,$237.69
11/12/2020,$238.01,1882721,$239.60,$240.30,$236.46
11/11/2020,$238.45,1574093,$234.82,$241.48,$233.315
11/10/2020,$232.38,2717377,$238.93,$238.93,$230.22
11/09/2020,$237.98,2423671,$249.16,$253.08,$236.95
11/06/2020,$242.15,1181520,$239.91,$243.59,$238.66
11/05/2020,$239.92,1877507,$240.28,$242.79,$237.8201
11/04/2020,$237.07,2434212,$234.70,$243.24,$234.70
11/03/2020,$234.23,1268830,$235.54,$237.23,$233.50
11/02/2020,$233.49,1551283,$232.58,$233.60,$229.2691
10/30/2020,$229.65,1621440,$230.00,$232.50,$226.5029
10/29/2020,$231.65,1693306,$233.47,$236.37,$230.665
10/28/2020,$230.13,2448985,$233.82,$237.32,$229.25
10/27/2020,$236.16,1433201,$238.93,$240.98,$236.03
10/26/2020,$237.12,1657622,$235.56,$237.8903,$233.40
10/23/2020,$237.72,1057169,$236.64,$239.37,$235.66
10/22/2020,$235.77,1836932,$241.33,$241.61,$235.14
10/21/2020,$241.74,1100510,$243.36,$245.96,$241.31
10/20/2020,$243.80,1407361,$241.68,$245.73,$240.6301
10/19/2020,$239.60,1323655,$243.66,$245.70,$239.16
