Date,Market_Ret,Market_LogRet
2020-10-27,-0.003025618893357729,-0.003030205331747739
2020-10-28,-0.03528787895040986,-0.035925542305325596
2020-10-29,0.011947330857108529,0.011876524903305952
2020-10-30,-0.01212954998538962,-0.012203713298696137
2020-11-02,0.012318202510247733,0.012242950800675199
2020-11-03,0.017799290135456225,0.017642737722417094
2020-11-04,0.022047047614283777,0.0218075255695774
2020-11-05,0.0194601942093231,0.019273265845718358
2020-11-06,-0.0002877152541975736,-0.0002877566521720655
2020-11-09,0.011699889352800863,0.011631974862103434
2020-11-10,-0.0013997946768060654,-0.0014007753045998778
2020-11-11,0.007651855372284633,0.007622728416109307
2020-11-12,-0.00997853220796574,-0.01002865145019137
2020-11-13,0.013610335244711447,0.01351854654414877
2020-11-16,0.011648051306502927,0.011580734988557625
2020-11-17,-0.004791925749933035,-0.0048034438367385674
2020-11-18,-0.01156382954696289,-0.011631210582751636
2020-11-19,0.003946442432455122,0.003938675655903756
2020-11-20,-0.006792562880637787,-0.0068157373381399705
2020-11-23,0.005635930665628175,0.005620108229990316
2020-11-24,0.016161668211777558,0.016032458753373422
2020-11-25,-0.0015844183020425895,-0.001585674820129405
2020-11-27,0.0023969793877931522,0.002394111215086634
2020-11-30,-0.004595548682681971,-0.004606140679679264
2020-12-01,0.011271187094962443,0.01120814056289169
2020-12-02,0.001791166865832139,0.0017895646394127894
2020-12-03,-0.00062415719601705,-0.0006243520632091123
2020-12-04,0.008836274996796067,0.008797463583534438
2020-12-07,-0.0019356376039518786,-0.0019375133713469095
2020-12-08,0.002787148048380539,0.0027832711532419013
2020-12-09,-0.007949201701667907,-0.007980965046318868
2020-12-10,-0.0012851078769481328,-0.001285934336211249
2020-12-11,-0.001264997376306587,-0.0012657981608857846
2020-12-14,-0.004359259052920228,-0.004368788326463899
2020-12-15,0.012921249168390325,0.012838482035725619
2020-12-16,0.0017727952516315426,0.001771225704845714
2020-12-17,0.005757654592763117,0.005741142649286133
2020-12-18,-0.0035111184130531825,-0.003517296855710414
2020-12-21,-0.003906278988775158,-0.003913928423593382
2020-12-22,-0.0020730928306164076,-0.002075244662037122
2020-12-23,0.0007458112507774395,0.0007455332717712066
2020-12-24,0.003536589051150063,0.0035303500256774053
2020-12-28,0.008722528796554885,0.00868470731576387
2020-12-29,-0.002227380429642767,-0.0022298647311071334
2020-12-30,0.0013415471654931732,0.0013406480951016118
2020-12-31,0.006438845443480057,0.006418204632772233
2021-01-04,-0.014754827518302815,-0.014864762709236385
2021-01-05,0.0070825951370958595,0.007057631363052454
2021-01-06,0.005709842974795709,0.005693603608228567
2021-01-07,0.014847403669199233,0.014738259978766134
2021-01-08,0.005491862796268343,0.005476837503908537
2021-01-11,-0.006554751102242018,-0.006576327821614538
2021-01-12,0.0004157884507911547,0.00041570203472628706
2021-01-13,0.00227564187379814,0.0022730565223090895
2021-01-14,-0.0037534512393423425,-0.0037605131139183297
2021-01-15,-0.007190027959022682,-0.007216000781811852
2021-01-19,0.008136379486499035,0.008103457606970463
2021-01-20,0.013935625541624974,0.013839417494544698
2021-01-21,0.00031672312498187694,0.0003166729788009518
2021-01-22,-0.0030106114851996546,-0.0030151524923862625
2021-01-25,0.0036158387557001515,0.003609317326310237
2021-01-26,-0.0014888336862691753,-0.0014899431004340425
2021-01-27,-0.025677883530241363,-0.02601331495241997
2021-01-28,0.00976062589942539,0.009713298703292631
2021-01-29,-0.019311475283558144,-0.01950037776740018
2021-02-01,0.016051767564970953,0.015924300185991707
2021-02-02,0.01389822370540772,0.013802529032272127
2021-02-03,0.0010087690073419253,0.0010082605418076233
2021-02-04,0.01085332213623924,0.010794847550751632
2021-02-05,0.003897495193110778,0.0038899196361386703
2021-02-08,0.007399348420911389,0.007372107536382184
2021-02-09,-0.0011135251397642598,-0.0011141455695015405
2021-02-10,-0.00034518476461464775,-0.0003452443545889375
2021-02-11,0.0016624551634596418,0.0016610748145081257
2021-02-12,0.004711033033360179,0.004699970846519153
2021-02-16,-0.0005692723588049953,-0.0005694344558354035
2021-02-17,-0.00032040206881589484,-0.0003204534085252712
2021-02-18,-0.004415835520183986,-0.004425614119597351
2021-02-19,-0.0018548967043160447,-0.0018566191555168235
2021-02-22,-0.0077328394740282524,-0.0077628929097089865
2021-02-23,0.001256318070424367,0.0012555295632188028
2021-02-24,0.011351613907424785,0.011287667810844074
2021-02-25,-0.024478807586572393,-0.024783394487159906
2021-02-26,-0.0047502142880968545,-0.004761532412556915
2021-03-01,0.023790763504846213,0.023512173223784936
2021-03-02,-0.008080851615528628,-0.008113678663552908
2021-03-03,-0.013066221779354348,-0.013152335800930847
2021-03-04,-0.01341721392905737,-0.013508038063333455
2021-03-05,0.019495968009665132,0.0193083561541895
2021-03-08,-0.0053592308355140394,-0.005373643028329462
2021-03-09,0.014154642106283255,0.014055400549148762
2021-03-10,0.00603031355298711,0.006012203980013497
2021-03-11,0.010395486927207598,0.01034182542422395
2021-03-12,0.00101539849585075,0.0010148833275026798
2021-03-15,0.006491921170558745,0.006470939409319236
2021-03-16,-0.001569683616434503,-0.0015709168604666084
2021-03-17,0.0028793820673973514,0.0028752445872070246
2021-03-18,-0.014760539257248628,-0.014870560002805207
2021-03-19,-0.0006027039028634329,-0.0006028856018714984
2021-03-22,0.007025118016799503,0.00700055683825263
2021-03-23,-0.0076308540925305035,-0.007660118027221025
2021-03-24,-0.005467336029646441,-0.005482336611742614
2021-03-25,0.005240265858443838,0.005226583444153793
2021-03-26,0.016631202466639294,0.016494418523091806
2021-03-29,-0.0008680126420032019,-0.0008683895831187617
2021-03-30,-0.0031578329179421383,-0.0031628293937742222
2021-03-31,0.0036224991025748388,0.003615953655189665
2021-04-01,0.011825201620305759,0.011755830274842425
2021-04-05,0.014438226437851975,0.014334987782066063
2021-04-06,-0.0009735308247780239,-0.0009740050136947525
2021-04-07,0.0014752328426630434,0.00147414575569927
2021-04-08,0.004220632901582366,0.0042117510132273035
2021-04-09,0.007719934394265993,0.0076902881808663
2021-04-12,-0.00019607901526719207,-0.00019609824127055775
2021-04-13,0.003294486960746079,0.0032890720282690695
2021-04-14,-0.004087726848308382,-0.0040961044417045095
2021-04-15,0.011094190616755428,0.01103310149170348
2021-04-16,0.003608819562894938,0.003602323397876614
2021-04-19,-0.0053065600420239,-0.005320689841015923
2021-04-20,-0.006802319958816749,-0.006825561193399656
2021-04-21,0.009306055601546293,0.00926302104805292
2021-04-22,-0.009210657618555329,-0.009253338003867862
2021-04-23,0.010928696685007955,0.010869410038796292
2021-04-26,0.0017822708499934947,0.001780684489904674
2021-04-27,-0.00021489580593681001,-0.0002149188993490255
2021-04-28,-0.000845539901930259,-0.0008458975724237991
2021-04-29,0.006762806718751291,0.006740041521510715
2021-04-30,-0.007194706706479703,-0.007220713424324944
2021-05-03,0.002748090657483715,0.0027443215599882173
2021-05-04,-0.006678337608625351,-0.006700737490248033
2021-05-05,0.0007034638818679273,0.0007032165671292417
2021-05-06,0.0081654563605853,0.008132299394019738
2021-05-07,0.0073733417437364945,0.00734629154502664
2021-05-10,-0.010435647350873323,-0.010490480532125696
2021-05-11,-0.008673912772421022,-0.00871175011121935
2021-05-12,-0.021449400760569004,-0.021682782456474408
2021-05-13,0.012173141422493483,0.012099644593476788
2021-05-14,0.014917956960486256,0.014807778645981491
2021-05-17,-0.002530052290344531,-0.00253325828133202
2021-05-18,-0.008517292974504764,-0.008553772399302871
2021-05-19,-0.0029434113736307443,-0.0029477517279458214
2021-05-20,0.010554741656874755,0.010499429236276638
2021-05-21,-0.0007838807027175099,-0.0007841880978467943
2021-05-24,0.009911292333679933,0.00986249762334876
2021-05-25,-0.0021252838099213855,-0.00212754543051633
2021-05-26,0.0018768164358766715,0.0018750574164701581
2021-05-27,0.001165314675992013,0.0011646362238672983
2021-05-28,0.0007688817795221681,0.0007685863413550441
2021-06-01,-0.0004923334706867788,-0.0004924547066039243
2021-06-02,0.0014469348087047251,0.0014458890072172421
2021-06-03,-0.0036287032155551957,-0.003635302929507882
2021-06-04,0.008834095694875588,0.008795303367522808
2021-06-07,-0.0007967386600709059,-0.0007970562250058429
2021-06-08,0.00017502484230513815,0.00017500952724441084
2021-06-09,-0.0018238673341089973,-0.001825532605265706
2021-06-10,0.004652242989699795,0.004641454754004994
2021-06-11,0.0019484345220244226,0.0019465387855606116
2021-06-14,0.0018152018879837861,0.001813556399997728
2021-06-15,-0.002011693641151502,-0.0020137198146206463
2021-06-16,-0.00539012474499756,-0.005404703879884465
2021-06-17,-0.0004357155846854699,-0.00043581053630310687
2021-06-18,-0.013124468788176635,-0.013211355695670267
2021-06-21,0.014002290023774178,0.013905163572530159
2021-06-22,0.005124491820929222,0.005111406298115635
2021-06-23,-0.0010832831887211958,-0.0010838703640444192
2021-06-24,0.0058112495772011385,0.005794429399085856
2021-06-25,0.003330597334258556,0.0033250631795797903
2021-06-28,0.002314964269531039,0.002312288867923635
2021-06-29,0.0002773363316626032,0.00027729788105117654
2021-06-30,0.0013281595738365848,0.001327278350093999
2021-07-01,0.005221626759744025,0.005208041338214074
2021-07-02,0.007500081816531168,0.007472096046172803
2021-07-06,-0.002021856131508404,-0.0020239028418512217
2021-07-07,0.003358975367787398,0.003353346611074899
2021-07-08,-0.008561025027165159,-0.008597881103206308
2021-07-09,0.011277947932317955,0.011214826024558307
2021-07-12,0.0034511743023832864,0.0034452326668394785
2021-07-13,-0.0035168126869239424,-0.003523011209623982
2021-07-14,0.0011649346324467125,0.0011642566226047876
2021-07-15,-0.003262240961099394,-0.003267573670022898
2021-07-16,-0.007538854232850056,-0.007567415028750852
2021-07-19,-0.015869512457213575,-0.015996781430268853
2021-07-20,0.015162609622647816,0.015048806186832001
2021-07-21,0.008241819802115247,0.008208041474966576
2021-07-22,0.0020166699441768188,0.0020146391951203313
2021-07-23,0.010145452114928899,0.01009433247941531
2021-07-26,0.002382199947661423,0.0023793670075606
2021-07-27,-0.004712444863289922,-0.004723583438642802
2021-07-28,-0.00018626183295167298,-0.0001862791818412043
2021-07-29,0.00420615283771375,0.004197331703574911
2021-07-30,-0.0054060478892530295,-0.005420713445155508
2021-08-02,-0.0018428057569328526,-0.0018445058123640887
2021-08-03,0.008203426526560698,0.008169961318186628
2021-08-04,-0.00463238788057696,-0.004643150640363158
2021-08-05,0.00600544694869698,0.005987486124814745
2021-08-06,0.0016752662698571452,0.001673864576574316
2021-08-09,-0.0009399083022734178,-0.0009403502930573341
2021-08-10,0.0009926792565382314,0.0009921868763085365
2021-08-11,0.0012757437313348774,0.001274930661739684
2021-08-12,0.0041463803100489915,0.0041378077637328125
2021-08-13,0.0016073066838750982,0.0016060163489446866
2021-08-16,0.002620850716203993,0.0026174222759459383
2021-08-17,-0.0070606988567043505,-0.007085743549191739
2021-08-18,-0.01074847061240336,-0.010806652710624691
2021-08-19,0.0012566921972665401,0.00125590322055861
2021-08-20,0.008141567612602874,0.008108603847955061
2021-08-23,0.008523790300687617,0.008487667921388668
2021-08-24,0.0014957362316099232,0.001494618732356612
2021-08-25,0.002220118238343005,0.0022176574173828423
2021-08-26,-0.005824918729784523,-0.005841949737248316
2021-08-27,0.00880763243847893,0.008769071498872214
2021-08-30,0.004306570872678828,0.0042973241346542035
2021-08-31,-0.0013491159774211559,-0.0013500268537254446
2021-09-01,0.00031168863265662594,0.0003116400678458998
2021-09-02,0.0028426382860313737,0.00283860563026561
2021-09-03,-0.00033503100864440416,-0.00033508714407120334
2021-09-07,-0.0033955744885003636,-0.003401352535120158
2021-09-08,-0.0013185667536479428,-0.0013194368277077743
2021-09-09,-0.00460560864377102,-0.004616247136317167
2021-09-10,-0.007722578753239118,-0.007752552279537745
2021-09-13,0.0022764875414220676,0.002273900269509792
2021-09-14,-0.0057466383323524495,-0.00576321379102854
2021-09-15,0.008473996838304743,0.008438294082001745
2021-09-16,-0.0015511403792997092,-0.0015523446430203514
2021-09-17,-0.009110872534227488,-0.00915263036039241
2021-09-20,-0.016977311030999198,-0.01712307774935627
2021-09-21,-0.0008123585023045443,-0.0008126886442805474
2021-09-22,0.009519611354042334,0.009474585381504893
2021-09-23,0.012134715613094649,0.012061680200590699
2021-09-24,0.001461009046842321,0.0014599428115181377
2021-09-27,-0.0027763825795488195,-0.0027802438782805307
2021-09-28,-0.020364110451886908,-0.020574317633516467
2021-09-29,0.00156918419061447,0.001567954307543044
2021-09-30,-0.01190971415369746,-0.011981202973860757
2021-10-01,0.011491477630348745,0.011425952113499022
2021-10-04,-0.012985898108245686,-0.013070952019765944
2021-10-05,0.01052451468225657,0.010469517520023421
2021-10-06,0.004102792889992601,0.00409439938528565
2021-10-07,0.008298280670134384,0.008264039238681433
2021-10-08,-0.0019137231230365037,-0.0019155566307231292
2021-10-11,-0.00686576399710781,-0.00688944179442125
2021-10-12,-0.00241678054443617,-0.0024197056724148134
2021-10-13,0.003022514634872131,0.0030179560208549194
2021-10-14,0.01706310195868399,0.016919162298592413
2021-10-15,0.00746021025034338,0.007432520510764019
2021-10-18,0.003374769613150086,0.003369087857667794
2021-10-19,0.0073933395791649925,0.007366142811790714
2021-10-20,0.003664029672493463,0.003657333467517598
2021-10-21,0.002995871905003167,0.0029913932235751933
2021-10-22,-0.0010725536686606585,-0.0010731292659562051
2021-10-25,0.004748196542349259,0.0047369594138375
2021-10-26,0.001819795342670183,0.0018181415212326375
2021-10-27,-0.005051568007053753,-0.0050643703093846415
2021-10-28,0.009829281555391978,0.009781288403319958
2021-10-29,0.0019493347326935417,0.001947437245235482
2021-11-01,0.0018000771294897078,0.0017984589322824864
2021-11-02,0.0036803629837132146,0.003673607019061485
2021-11-03,0.006461279222831573,0.006440494640187444
2021-11-04,0.0041819424954505635,0.004173222476557866
2021-11-05,0.0037327995324343277,0.0037258499252176987
2021-11-08,0.000887787878071089,0.0008873940274994689
2021-11-09,-0.003498775829538059,-0.003504910859934895
2021-11-10,-0.00822582338189004,-0.008259842150410755
2021-11-11,0.0005509401321552865,0.0005507884203608633
2021-11-12,0.007222655998801342,0.00719669753671429
2021-11-15,-1.0739827017269832e-05,-1.073988468962494e-05
2021-11-16,0.0038652297244641254,0.0038577789172688595
2021-11-17,-0.0026016252749386792,-0.002605015383111555
2021-11-18,0.003384780175191171,0.0033790647002269578
2021-11-19,-0.0013986655327519193,-0.001399644578399592
2021-11-22,-0.0031971366560566983,-0.003202258417015389
2021-11-23,0.0016571329331085405,0.0016557614033252692
2021-11-24,0.0022938507158203336,0.0022912238565821175
2021-11-26,-0.02272482269045517,-0.02298701121342333
2021-11-29,0.013200199680403646,0.01311383622432504
2021-11-30,-0.018961310433288192,-0.019143381288542802
2021-12-01,-0.011815187431574281,-0.011885541471804604
2021-12-02,0.014194436221796503,0.014094638485008554
2021-12-03,-0.008448563756972893,-0.008484455168641266
2021-12-06,0.011730872556229066,0.01166259928870985
2021-12-07,0.02070708034661739,0.020495603159029374
2021-12-08,0.0030852853256519985,0.0030805355998801223
2021-12-09,-0.007181080249565874,-0.007206988312771078
2021-12-10,0.00954907350650358,0.009503769284642265
2021-12-13,-0.009136167676978557,-0.009178158408807828
2021-12-14,-0.007470677557106731,-0.007498722834141361
2021-12-15,0.016348464650095318,0.01621626737092817
2021-12-16,-0.008743415425787493,-0.008781863357323512
2021-12-17,-0.01028768060334928,-0.01034096454995959
2021-12-20,-0.011388057810138075,-0.011453398281509295
2021-12-21,0.017777934344517243,0.017621755181756942
2021-12-22,0.010180197409808578,0.010128728216450356
2021-12-23,0.00622369982131632,0.006204412585526773
2021-12-27,0.013838935174919076,0.013744051502040076
2021-12-28,-0.0010101546921743587,-0.001010665242277433
2021-12-29,0.0014018951523844247,0.001400913414796952
2021-12-30,-0.002989755776811598,-0.002994234024753267
2021-12-31,-0.002626179770048531,-0.00262963422948729
2022-01-03,0.006374052570017774,0.006353824209188294
2022-01-04,-0.0006296220547334919,-0.0006298203499377865
2022-01-05,-0.019392757803978422,-0.019583264318055182
2022-01-06,-0.0009637689231597468,-0.0009642336470433223
2022-01-07,-0.004050216839640131,-0.004058441182289713
2022-01-10,-0.0014410312334581787,-0.0014420705175132583
2022-01-11,0.00915998463537826,0.009118286419368378
2022-01-12,0.0028177545625089895,0.002813792133810889
2022-01-13,-0.014243615391184683,-0.014346029340668153
2022-01-14,0.0008199803770947423,0.0008196443768485257
2022-01-18,-0.01838794582669001,-0.018559105533176606
2022-01-19,-0.009689541725557582,-0.009736790797281942
2022-01-20,-0.011037378679380039,-0.011098742491629744
2022-01-21,-0.018914821855944175,-0.019095995312440328
2022-01-24,0.002771739078644142,0.002767904893157887
2022-01-25,-0.012171906366504448,-0.01224659067111461
2022-01-26,-0.001496635725913631,-0.001497756803864832
2022-01-27,-0.005384088721519631,-0.005398635163584074
2022-01-28,0.02434764687874269,0.024055967905625118
2022-01-31,0.01888595172426344,0.018709826214626222
2022-02-01,0.00686300347428026,0.006839560265365176
2022-02-02,0.009422515502452544,0.009378400502926104
2022-02-03,-0.024391082205822312,-0.024693471851708535
2022-02-04,0.005156929920726805,0.00514367849587817
2022-02-07,-0.003701712641814958,-0.0037085809349267735
2022-02-08,0.00840120721989246,0.008366113494628341
2022-02-09,0.014517207949908295,0.014412842140774583
2022-02-10,-0.01811572574253295,-0.01828182456049585
2022-02-11,-0.018969454254893825,-0.019151682546683046
2022-02-14,-0.003840596761410464,-0.003847990790880948
2022-02-15,0.01576672109217747,0.015643717568740365
2022-02-16,0.0008812078887363572,0.000880819853008136
2022-02-17,-0.021173138150420767,-0.02140050413512402
2022-02-18,-0.007166161523946446,-0.00719196179259236
2022-02-22,-0.010142945135926285,-0.010194735304788574
2022-02-23,-0.01841212293099659,-0.018583735835901304
2022-02-24,0.014956855993373708,0.014846105179858335
2022-02-25,0.02237267764994688,0.022126080545732982
2022-02-28,-0.002442603455093506,-0.002445591477607375
2022-03-01,-0.015473503503234176,-0.015594467606650687
2022-03-02,0.018642691654101373,0.0184710466793216
2022-03-03,-0.005254666501403937,-0.005268520815937991
2022-03-04,-0.007934042508045969,-0.007965684500375195
2022-03-07,-0.029518158213662216,-0.02996258671159442
2022-03-08,-0.007233753651663122,-0.007260044110133923
2022-03-09,0.02569824801324505,0.025373598240898493
2022-03-10,-0.004291813585734494,-0.004301049854029645
2022-03-11,-0.012961545136721653,-0.013046278946658609
2022-03-14,-0.007421002628769435,-0.0074486752595562975
2022-03-15,0.021408574164825556,0.02118262971822629
2022-03-16,0.02238376136615461,0.022136921657169385
2022-03-17,0.012347817665471439,0.01227220516157295
2022-03-18,0.011662294756783487,0.0115948143415432
2022-03-21,-0.00043466027109850813,-0.00043475476325646056
2022-03-22,0.011304113488017853,0.011240699442700841
2022-03-23,-0.012272698810703808,-0.012348630274307671
2022-03-24,0.014343912949824178,0.014242012310461996
2022-03-25,0.005066170712912266,0.0050533808489676355
2022-03-28,0.007144955289704935,0.007119551033067678
2022-03-29,0.012256547398955542,0.012182044073162158
2022-03-30,-0.006293700315920359,-0.006313589141205697
2022-03-31,-0.015652540700660467,-0.015776335214165847
2022-04-01,0.0034102225776486694,0.0034044209547760876
2022-04-04,0.008090938812119086,0.008058382655376228
2022-04-05,-0.012551720903325236,-0.012631159176813699
2022-04-06,-0.009716916648204066,-0.009764433947754654
2022-04-07,0.004253385719476199,0.0042443656426355775
2022-04-08,-0.0026510265306263214,-0.002654546724253538
2022-04-11,-0.01687729010414174,-0.017021334585293747
2022-04-12,-0.0034174477532732395,-0.0034233005661055455
2022-04-13,0.0111745777259451,0.011112603396188601
2022-04-14,-0.012144137843715153,-0.012218480382816982
2022-04-18,-0.00020486843342082395,-0.00020488942182495337
2022-04-19,0.016057604463748154,0.015930044855897333
2022-04-20,-0.0006184751556111978,-0.0006186664902648058
2022-04-21,-0.01475294848539066,-0.014862855538135404
2022-04-22,-0.02774005423099457,-0.02813207635704413
2022-04-25,0.005697936978275253,0.005681765137045092
2022-04-26,-0.028146308461328373,-0.028550008959800515
2022-04-27,0.0020980469416747027,0.002095849114749141
2022-04-28,0.024746900057631915,0.024445655325894308
2022-04-29,-0.036284507055393656,-0.0369591597317529
2022-05-02,0.005675242804490166,0.005659199285999489
2022-05-03,0.004837126223340427,0.0048254649179748695
2022-05-04,0.029862421229954084,0.02942522169865713
2022-05-05,-0.03564970868144213,-0.036300677638382385
2022-05-06,-0.005674224737239442,-0.00569038430810759
2022-05-09,-0.032037100747885905,-0.03256151965895705
2022-05-10,0.0024578975517830504,0.0024548818620889127
2022-05-11,-0.016463207456368423,-0.016600232047331586
2022-05-12,-0.0012959646288417392,-0.0012968051172419798
2022-05-13,0.023869695562981796,0.02358926809351799
2022-05-16,-0.003946400975738618,-0.003954208564088383
2022-05-17,0.020169632260973236,0.01996891960705599
2022-05-18,-0.04039526078023514,-0.0412338092837276
2022-05-19,-0.0058337819079785636,-0.0058508648849615805
2022-05-20,0.00014614167753213003,0.00014613099987746166
2022-05-23,0.01855504004106545,0.018384995520196196
2022-05-24,-0.008120797735136853,-0.008153951022485506
2022-05-25,0.009450764735331685,0.009406385650045052
2022-05-26,0.019883256314870534,0.019688166152488747
2022-05-27,0.02474226283507508,0.024441130078685584
2022-05-31,-0.006274368610709735,-0.0062941351866737365
2022-06-01,-0.007482768712004928,-0.00751090507226129
2022-06-02,0.018431018101550123,0.01826322547746781
2022-06-03,-0.016347313955862863,-0.016482405572656827
2022-06-06,0.00313740084741565,0.003132489475324314
2022-06-07,0.009523393172729655,0.009478331531219233
2022-06-08,-0.010793945725281806,-0.010852622978839667
2022-06-09,-0.02379869417485092,-0.024086457868492003
2022-06-10,-0.02911030335368414,-0.02954241483011343
2022-06-13,-0.038768430513214436,-0.0395399318318857
2022-06-14,-0.0037736799208243355,-0.0037808182149804753
2022-06-15,0.014592504923557348,0.014487058900179855
2022-06-16,-0.03251195130465245,-0.033052206924162886
2022-06-17,0.0022008655999647964,0.0021984472429394143
2022-06-21,0.024477242232587848,0.024182474914307743
2022-06-22,-0.0013015721857629892,-0.0013024199665521402
2022-06-23,0.009532217171233093,0.00948707224985847
2022-06-24,0.030563293651357126,0.030105539793479238
2022-06-27,-0.002973071581886977,-0.0029774999385948726
2022-06-28,-0.020143035925831665,-0.020348672996349685
2022-06-29,-0.0007117454868115214,-0.000711998897880444
2022-06-30,-0.008759278186454056,-0.008797866164102408
2022-07-01,0.010553813945969992,0.010498511214429478
2022-07-05,0.0015841286572499946,0.0015828752489806775
2022-07-06,0.0035731641473011333,0.0035667955624467166
2022-07-07,0.014964587949473751,0.014853723165394822
2022-07-08,-0.0008302714337696804,-0.000830616299998146
2022-07-11,-0.011527461378145532,-0.01159441761537331
2022-07-12,-0.009243878765105018,-0.00928686854572298
2022-07-13,-0.004456902634757398,-0.004466864234912612
2022-07-14,-0.002998633774978998,-0.0030031386852085425
2022-07-15,0.019201249280163424,0.019019231580853856
2022-07-18,-0.00836357146377431,-0.008398742367791633
2022-07-19,0.027628291447701514,0.027253517450803007
2022-07-20,0.005895806209747834,0.005878493957445137
2022-07-21,0.00986137275345711,0.009813066733332397
2022-07-22,-0.009332466886880497,-0.009376287203504832
2022-07-25,0.0013151670281865702,0.0013143029535492314
2022-07-26,-0.01154320264598474,-0.011610342583001728
2022-07-27,0.02615627363036488,0.025820048629945237
2022-07-28,0.012133338892619472,0.012060319985008465
2022-07-29,0.014207759977735268,0.014107775678375747
2022-08-01,-0.002823084066712167,-0.0028270764842599837
2022-08-02,-0.006662395694563394,-0.006684688523694443
2022-08-03,0.01563847729454504,0.015517456399472265
2022-08-04,-0.0007773402918852534,-0.0007776425775126313
2022-08-05,-0.0016257460598946283,-0.0016270690190784735
2022-08-08,-0.0012375505279649257,-0.0012383169259889972
2022-08-09,-0.004248692953562783,-0.00425774429615107
2022-08-10,0.021290637511616195,0.021067158333436736
2022-08-11,-0.0007054737580087789,-0.0007057227217188609
2022-08-12,0.017322368579518965,0.017174046759765853
2022-08-15,0.003969542046193597,0.003961684201996377
2022-08-16,0.00187567957828505,0.0018739226879107348
2022-08-17,-0.007237794896550631,-0.007264114809684524
2022-08-18,0.00226956109710863,0.002266989533467415
2022-08-19,-0.012900001162862273,-0.012983928736354
2022-08-22,-0.02140006489991708,-0.021632366446262888
2022-08-23,-0.002237862700572024,-0.0022403704573474483
2022-08-24,0.002916160673699375,0.002911916925461286
2022-08-25,0.014091605357981374,0.013993241678251318
2022-08-26,-0.03368805870241798,-0.03426857629934258
2022-08-29,-0.006666355876697283,-0.00668867527503745
2022-08-30,-0.011028155495070746,-0.011089416414887853
2022-08-31,-0.007817025078747042,-0.007847738180714317
2022-09-01,0.002996232111251551,0.002991752353850595
2022-09-02,-0.010736500484722855,-0.01079455259765533
2022-09-06,-0.004095057146837666,-0.004103464854568116
2022-09-07,0.01834101645061259,0.018174848723006034
2022-09-08,0.006610722015177872,0.00658896701725982
2022-09-09,0.015271449619951749,0.015156014787783839
2022-09-12,0.010584272812704798,0.010528651526896656
2022-09-13,-0.04323661344125962,-0.044199163074453554
2022-09-14,0.0033870122485712972,0.003381289241541076
2022-09-15,-0.011317739155963236,-0.011382272139434343
2022-09-16,-0.007182134208966295,-0.007208049896045618
2022-09-19,0.00685710085769764,0.006833697865153807
2022-09-20,-0.01127210311216853,-0.011336114751575919
2022-09-21,-0.01711649359918921,-0.01726467409688329
2022-09-22,-0.008427581135555418,-0.008463293987644711
2022-09-23,-0.017232619078902833,-0.017382828831885026
2022-09-26,-0.010340526099595904,-0.010394360780458715
2022-09-27,-0.0021203598092787157,-0.00212261095486111
2022-09-28,0.01967213992657202,0.019481144181483136
2022-09-29,-0.021126437783962726,-0.021352794724743534
2022-09-30,-0.015066695903807492,-0.015181351680050055
2022-10-03,0.025883895106448618,0.02555457768092031
2022-10-04,0.030583700676563463,0.030125341413900452
2022-10-05,-0.0020179489300040654,-0.002019987732207
2022-10-06,-0.010245080645073235,-0.010297922707741995
2022-10-07,-0.028003617937660263,-0.028403196686711915
2022-10-10,-0.007492463488165568,-0.0075206729868162936
2022-10-11,-0.006519175863500926,-0.006540518498632968
2022-10-12,-0.0032907732611127116,-0.003296199763637455
2022-10-13,0.02596564251543776,0.025634259360822767
2022-10-14,-0.023662663684481222,-0.02394712081502335
2022-10-17,0.026480052357156447,0.02613552461112874
2022-10-18,0.011427569586305086,0.011362768127809775
2022-10-19,-0.006672097197684357,-0.006694455143275172
2022-10-20,-0.007950909757542313,-0.007982686790152706
2022-10-21,0.023724819905171612,0.023447759941432694
2022-10-24,0.011881976683765227,0.01181194023391461
2022-10-25,0.016266654439300865,0.016135769877752698
2022-10-26,-0.007387715874777934,-0.007415140199932693
2022-10-27,-0.006082610662534349,-0.006101185097778804
2022-10-28,0.024626377956375345,0.024328036829851157
2022-10-31,-0.007454404331179165,-0.007482327255536792
2022-11-01,-0.004101230399440325,-0.00410966351015258
2022-11-02,-0.025001985049611042,-0.025319843934681438
2022-11-03,-0.010585992096309393,-0.010642422310491896
2022-11-04,0.013618724601319743,0.013526823217736886
2022-11-07,0.00961398192012175,0.009568061678925217
2022-11-08,0.005597892646239222,0.005582282673406496
2022-11-09,-0.020777886940753,-0.020996784697968826
2022-11-10,0.05543448441151022,0.05395251571327563
2022-11-11,0.009240746926812315,0.009198312442163811
2022-11-14,-0.008935777137999645,-0.008975940634920906
2022-11-15,0.008713116431865675,0.008675376297238902
2022-11-16,-0.008252046397186463,-0.00828628301023119
2022-11-17,-0.003089322717172771,-0.003094104525503846
2022-11-18,0.004758581833101072,0.004747295572803135
2022-11-21,-0.003883688828255627,-0.003891249930708025
2022-11-22,0.013579988000126386,0.013488606341456058
2022-11-23,0.0059146892377957005,0.005897266131157474
2022-11-25,-0.0002830443023716933,-0.0002830843669704618
2022-11-28,-0.015444192968175119,-0.015564696849980235
2022-11-29,-0.0015918651881512424,-0.0015931335517611624
2022-11-30,0.03094787224194806,0.03047864337052011
2022-12-01,-0.0008676332028213496,-0.0008680098143648796
2022-12-02,-0.0011946604421764206,-0.001195374617817392
2022-12-05,-0.017894212215245897,-0.018056249561408524
2022-12-06,-0.014399194949753169,-0.014503869390870719
2022-12-07,-0.0018623709121895482,-0.0018641072810736824
2022-12-08,0.007521781985068143,0.007493634441291626
2022-12-09,-0.0073495782592964964,-0.0073767194756895575
2022-12-12,0.014279296273028486,0.014178307353796042
2022-12-13,0.007289664250107686,0.00726322306813698
2022-12-14,-0.006052724638505147,-0.006071116628267596
2022-12-15,-0.02492167493600661,-0.02523747781187699
2022-12-16,-0.011137750882371789,-0.011200240055522422
2022-12-19,-0.009007515921719556,-0.009048328860242653
2022-12-20,0.0010373383411004244,0.0010368006774774017
2022-12-21,0.014867993746224162,0.01475854861337161
2022-12-22,-0.014451699356609948,-0.014557142283030462
2022-12-23,0.005868102320246482,0.0058509520680756774
2022-12-27,-0.004049622017318288,-0.004057843941189536
2022-12-28,-0.012020638245087145,-0.012093470364477122
2022-12-29,0.01746133148650575,0.01731063415939788
2022-12-30,-0.0025407424054156857,-0.002543975568985971
2023-01-03,-0.0040005487693710595,-0.00400857237095472
2023-01-04,0.007538970541525636,0.007510694528870979
2023-01-05,-0.011645528861558896,-0.01171386912324002
2023-01-06,0.022840780904283875,0.022583835466670914
2023-01-09,-0.000767632485115799,-0.0007679272657970401
2023-01-10,0.006978233130764178,0.0069539979424920245
2023-01-11,0.012849424507239915,0.012767571086017589
2023-01-12,0.0034159060044935963,0.0034100850497009007
2023-01-13,0.003996858359486266,0.003988892140624071
2023-01-17,-0.002030491142063995,-0.002032555383959578
2023-01-18,-0.015562598679347506,-0.015684967159509833
2023-01-19,-0.007638350102242564,-0.0076676717062670085
2023-01-20,0.018918400847941497,0.01874167335798897
2023-01-23,0.011881345193385684,0.011811316158586514
2023-01-24,-0.0007115032695628187,-0.0007117565081412939
2023-01-25,-0.00018172494278112516,-0.00018174145675923769
2023-01-26,0.01100785348392952,0.010947708043701926
2023-01-27,0.0024948409822724837,0.002491734032999062
2023-01-30,-0.012968740968034909,-0.013053569298425457
2023-01-31,0.014642470252690165,0.014536304384073188
2023-02-01,0.010452303874717739,0.010398056227734952
2023-02-02,0.014699373319951192,0.014592384701399877
2023-02-03,-0.010354610892247207,-0.010408592840324556
2023-02-06,-0.006140462935348312,-0.006159393111024042
2023-02-07,0.012872510628823663,0.01279036406780282
2023-02-08,-0.01108072454370801,-0.011142573080711473
2023-02-09,-0.008829796110038202,-0.008869009762737351
2023-02-10,0.0021952617910081518,0.0021928557244964473
2023-02-13,0.01144860931203251,0.011383569920769382
2023-02-14,-0.000280414471565793,-0.00028045379505514694
2023-02-15,0.0027731757281472813,0.0027693375706237793
2023-02-16,-0.013788741597237753,-0.013884689314500187
2023-02-17,-0.002767405771923026,-0.0027712421187298065
2023-02-21,-0.020041234254789986,-0.020244783972923362
2023-02-22,-0.0015735561302083756,-0.0015747954699402154
2023-02-23,0.00532942928273461,0.005315278130604803
2023-02-24,-0.010537551412511115,-0.010593464545949238
2023-02-27,0.0030730045239224513,0.003068292496440242
2023-02-28,-0.003036001855829862,-0.003040619858676227
2023-03-01,-0.004725264653243855,-0.0047364640101430254
2023-03-02,0.007582194066213299,0.007553593710769756
2023-03-03,0.01614773717897755,0.016018749194422137
2023-03-06,0.0006871666963761403,0.0006869307054457195
2023-03-07,-0.015326919192055088,-0.0154455905571741
2023-03-08,0.0014147941195796765,0.0014137942413493998
2023-03-09,-0.01845935802149956,-0.018631858095910045
2023-03-10,-0.014478138338748892,-0.014583969316026199
2023-03-13,-0.0015097609707765969,-0.0015109018082769081
2023-03-14,0.016476655402626994,0.01634238815863102
2023-03-15,-0.006980883457908371,-0.007005363821068352
2023-03-16,0.017562006046927037,0.01740957608173027
2023-03-17,-0.011019457129403887,-0.011080621091276999
2023-03-20,0.00891840351787998,0.008878869437282453
2023-03-21,0.012982193942461029,0.012898647562662584
2023-03-22,-0.01646322365547792,-0.016600248517594576
2023-03-23,0.002984528733150471,0.002980083868958161
2023-03-24,0.005639807118143159,0.005623962950098719
2023-03-27,0.0016469542901063061,0.0016455995481508702
2023-03-28,-0.0015738433033462007,-0.0015750830957146403
2023-03-29,0.01423726886241794,0.014136870757872802
2023-03-30,0.005715269256196143,0.00569899906776365
2023-03-31,0.014436542603355473,0.014333327911755489
2023-04-03,0.0036988464685721034,0.003692022557861904
2023-04-04,-0.0057969720903796595,-0.0058138397522533285
2023-04-05,-0.0024923705691234366,-0.0024954816951113508
2023-04-06,0.003579163163021981,0.0035727732011532963
2023-04-10,0.0009963028146204866,0.0009958068343749495
2023-04-11,-4.135250836934112e-05,-4.1353363407887416e-05
2023-04-12,-0.004134883995375427,-0.004143456266594772
2023-04-13,0.013262690074383077,0.013175510577519636
2023-04-14,-0.0020693734425777377,-0.002071517554289377
2023-04-17,0.00330615678189905,0.003300703461947209
2023-04-18,0.0008552203035465666,0.0008548548110323357
2023-04-19,-8.426183975474011e-05,-8.426538998299344e-05
2023-04-20,-0.005952548280173997,-0.005970335316273862
2023-04-21,0.0009031890156097067,0.0009027813858367719
2023-04-24,0.0008515790374714616,0.0008512166497628553
2023-04-25,-0.015810858822582485,-0.015937183757418753
2023-04-26,-0.0038411873007662134,-0.0038485836071800966
2023-04-27,0.019566149866163673,0.019377193543605932
2023-04-28,0.0082532025562978,0.008219331117694642
2023-05-01,-0.0003861064227965727,-0.00038618098107367246
2023-05-02,-0.011586262921925994,-0.01165390666592781
2023-05-03,-0.00699830503452592,-0.007022908024550058
2023-05-04,-0.007218732261810135,-0.007244913381962772
2023-05-05,0.01847475131506493,0.018306166308779855
2023-05-08,0.0004521286189183016,0.00045202643957192347
2023-05-09,-0.0045794212019487635,-0.004589938873403375
2023-05-10,0.004483965301201431,0.004473942279542144
2023-05-11,-0.0016966241063897103,-0.0016980650030729014
2023-05-12,-0.0015833068194976985,-0.0015845615743562127
2023-05-15,0.002958164431646093,0.0029537976728512315
2023-05-16,-0.006377683418724467,-0.006398107727781404
2023-05-17,0.011890829257476199,0.011820688818424727
2023-05-18,0.009445048610790874,0.009400723025452896
2023-05-19,-0.001445867791461275,-0.0014469140669354159
2023-05-22,0.00015503485300505382,0.00015502283634421545
2023-05-23,-0.011222026821583797,-0.011285468843158201
2023-05-24,-0.007318600395879282,-0.007345512739277359
2023-05-25,0.008757581319856378,0.00871945613249743
2023-05-26,0.013049086740849702,0.012964680894971669
2023-05-30,1.660345427056953e-05,1.660331643474837e-05
2023-05-31,-0.0061086243503365445,-0.006127358327580262
2023-06-01,0.00985445370537863,0.009806215226810671
2023-06-02,0.014534424548879654,0.014429812235271953
2023-06-05,-0.0020035816068160184,-0.0020055914614975673
2023-06-06,0.0023538964030047627,0.00235113032871787
2023-06-07,-0.0038120096703719852,-0.0038192938968224853
2023-06-08,0.006188642554979751,0.0061695715486260365
2023-06-09,0.0011480594229391627,0.0011474009066822024
2023-06-12,0.009321148927156964,0.009277975097594204
2023-06-13,0.006932489987135471,0.006908570761325072
2023-06-14,0.0008194254972511139,0.0008190899514690094
2023-06-15,0.01217813741965057,0.012104580492902263
2023-06-16,-0.003671619528218928,-0.0036783764675429355
2023-06-20,-0.004735107739875399,-0.004746353877689605
2023-06-21,-0.005245281689737036,-0.0052590864742214
2023-06-22,0.003710798572261753,0.00370393054457435
2023-06-23,-0.007658808858904131,-0.007688288149433466
2023-06-26,-0.004486838314945341,-0.0044969343849187975
2023-06-27,0.01145585494805279,0.011390733517615723
2023-06-28,-0.0003540766955959507,-0.00035413939554996453
2023-06-29,0.004473544644534089,0.004463568086344082
2023-06-30,0.012269004631900282,0.012194350396421354
2023-07-03,0.0011706778155955444,0.001169993106651861
2023-07-05,-0.001968318518323686,-0.001970258202914473
2023-07-06,-0.007922511231478246,-0.007954061070033417
2023-07-07,-0.0028651006659629052,-0.002869212923441961
2023-07-10,0.0024050260928218936,0.0024021386462312424
2023-07-11,0.006742211176605117,0.006719584118162976
2023-07-12,0.00741123334389715,0.007383905095014707
2023-07-13,0.008470153500468758,0.008434483031670636
2023-07-14,-0.0010244070917438952,-0.0010249321553052217
2023-07-17,0.003855382472826019,0.0038479695328571427
2023-07-18,0.007117275116117705,0.007092066852337748
2023-07-19,0.0023579104731872302,0.0023551349643654526
2023-07-20,-0.006756896293961812,-0.006779827471826372
2023-07-21,0.00032409461838600606,0.0003240421110697587
2023-07-24,0.004034153883820002,0.004026038503514511
2023-07-25,0.002814673303354054,0.002810719527771888
2023-07-26,-0.00015543891048019898,-0.00015545099235965694
2023-07-27,-0.006424666119231426,-0.006445393110294602
2023-07-28,0.009877842747086252,0.009829375763233988
2023-07-31,0.0014687130566064521,0.0014676355524856825
2023-08-01,-0.002665087754946227,-0.002668645423722504
2023-08-02,-0.013839541173892855,-0.013936200473601279
2023-08-03,-0.0025479738402680585,-0.00255122545013236
2023-08-04,-0.0053000742519009325,-0.005314169471304436
2023-08-07,0.009024092723849408,0.008983618909839678
2023-08-08,-0.004218282913766469,-0.004227204968477183
2023-08-09,-0.007038730408085447,-0.007063619129728316
2023-08-10,0.00025071390259845394,0.00025068247912006807
2023-08-11,-0.0010696922721527002,-0.0010702648012543047
2023-08-14,0.00575047571629872,0.005734004844217133
2023-08-15,-0.011550909525884667,-0.011618139494273445
2023-08-16,-0.007555395175848023,-0.007584081757630469
2023-08-17,-0.0077129130647324295,-0.007742811413501983
2023-08-18,-0.00014870674735556477,-0.00014871780530019353
2023-08-21,0.006879188611667253,0.0068556349520365375
2023-08-22,-0.0027774667640469985,-0.002781331081861156
2023-08-23,0.011044879979430933,0.010984330724102683
2023-08-24,-0.013457974654963789,-0.013549353975714046
2023-08-25,0.006717965958453309,0.0066955009816517
2023-08-28,0.006264619832971441,0.00624507867164626
2023-08-29,0.0145083071438743,0.014404068662109245
2023-08-30,0.003833182019971293,0.0038258540979751996
2023-08-31,-0.0015969365260037893,-0.0015982129882716458
2023-09-01,0.001799129419551626,0.0017975129247825993
2023-09-05,-0.004194177718554348,-0.004202997952981444
2023-09-06,-0.006971599428089337,-0.006996014568606766
2023-09-07,-0.0032112657685680057,-0.003216432947574936
2023-09-08,0.0014266225741164096,0.0014256059149430058
2023-09-11,0.006723453204990237,0.00670095159619128
2023-09-12,-0.005695885695279457,-0.00571216911397268
2023-09-13,0.001241632291552719,0.0012408621036398737
2023-09-14,0.008429919035815914,0.008394585700904431
2023-09-15,-0.012159613062608488,-0.012234145967950071
2023-09-18,0.0007212877112086069,0.0007210277082445532
2023-09-19,-0.002151010650532692,-0.0021533273967687936
2023-09-20,-0.009394794758720293,-0.009439204206958
2023-09-21,-0.016400934033396486,-0.016536918247500903
2023-09-22,-0.0022955983833717886,-0.0022982373087227035
2023-09-25,0.00402306490248705,0.004014994016107159
2023-09-26,-0.01473453393461055,-0.01484416542516595
2023-09-27,0.00022931418506555445,0.00022928789658662228
2023-09-28,0.005893173809162322,0.005875876982591753
2023-09-29,-0.0027095819409801436,-0.0027132595027330357
2023-10-02,7.936754829751536e-05,7.936439886029495e-05
2023-10-03,-0.013744071811813363,-0.013839396002919953
2023-10-04,0.00810975503164646,0.008077047681715493
2023-10-05,-0.0013040302550572092,-0.0013048812423995392
2023-10-06,0.011814893111176117,0.011745642189365595
2023-10-09,0.006303854241615392,0.0062840680617259805
2023-10-10,0.005207990752861935,0.005194476071602881
2023-10-11,0.004293008185743963,0.004283819514742425
2023-10-12,-0.0062464343394249555,-0.006266024933919309
2023-10-13,-0.005018858860353803,-0.005031495631662853
2023-10-16,0.010594369463741149,0.010538642381564567
2023-10-17,-9.82451673996465e-05,-9.824999377221964e-05
2023-10-18,-0.013399820357412273,-0.01349040810002262
2023-10-19,-0.008482848275316535,-0.008519032407729292
2023-10-20,-0.01258528377746615,-0.012665149255339342
2023-10-23,-0.0016855698498756677,-0.001686992021072346
2023-10-24,0.007265792289528505,0.007239523585948188
2023-10-25,-0.014339628568118434,-0.014443434596776954
2023-10-26,-0.01183252000070445,-0.011903081430845099
2023-10-27,-0.004800280162332138,-0.004811838510859085
2023-10-30,0.012010022318816871,0.011938474293326467
2023-10-31,0.006474957435068429,0.006454084948700919
2023-11-01,0.01050599934395291,0.010451194849310952
2023-11-02,0.018858557050875246,0.018682938964264977
2023-11-03,0.009393730347459162,0.009349883638100484
2023-11-06,0.001752992257021413,0.0017514575593751242
2023-11-07,0.0028401190698998935,0.0028360935519000335
2023-11-08,0.0010049155435516433,0.0010044109539451393
2023-11-09,-0.008083839192938092,-0.008116690584346558
2023-11-10,0.015616440928287068,0.015495759106767993
2023-11-13,-0.0008358387776007392,-0.0008361882856002739
2023-11-14,0.01907501756063712,0.01889537033422968
2023-11-15,0.0015970121868855713,0.0015957383189977256
2023-11-16,0.0011904272686102946,0.0011897192718927307
2023-11-17,0.0012820492476000034,0.001281228124202195
2023-11-20,0.007390278034256514,0.007363103731185019
2023-11-21,-0.002020931225551581,-0.002022976062508494
2023-11-22,0.004061129269512076,0.004052905142682486
2023-11-24,0.0005968737639228117,0.0005966957056264759
2023-11-27,-0.0019541574668370254,-0.0019560693236585053
2023-11-28,0.000980118544291253,0.0009796385417248287
2023-11-29,-0.0009462487283697918,-0.0009466967043178386
2023-11-30,0.0037840729544018625,0.003776931360877234
2023-12-01,0.005873742095840351,0.005856558926241438
2023-12-04,-0.00540850920156688,-0.005423188138827358
2023-12-05,-0.0005688696441200625,-0.0005690315118467315
2023-12-06,-0.003906202801840064,-0.003913851937886692
2023-12-07,0.007968189065455045,0.00793661068438751
2023-12-08,0.004095497774309953,0.004087134051263015
2023-12-11,0.003924494239349485,0.00391681350061713
2023-12-12,0.004599357540901128,0.004588812816283591
2023-12-13,0.013650676473096368,0.013558345295426547
2023-12-14,0.0026470624978365276,0.0026435651982570176
2023-12-15,-7.624964559516112e-05,-7.62525527471683e-05
2023-12-18,0.004528344539459717,0.00451812243518193
2023-12-19,0.005866407693158937,0.00584926732580068
2023-12-20,-0.014684266800173096,-0.014793147852820187
2023-12-21,0.01030146774728502,0.010248769234108031
2023-12-22,0.0016600585663875123,0.0016586821921962358
2023-12-26,0.00423168942590868,0.004222761007543338
2023-12-27,0.0014304577202994828,0.0014294355902811126
2023-12-28,0.0003701747060860239,0.00037010620833307994
2023-12-29,-0.0028264751111679587,-0.0028304771348040244
2024-01-02,-0.0056605790056406535,-0.0056766607998723325
2024-01-03,-0.008016314810930791,-0.008048618214494168
2024-01-04,-0.0034283813369139216,-0.003434271703010425
2024-01-05,0.0018256860520826645,0.0018240215129449418
2024-01-08,0.014114629377501853,0.014015945503066719
2024-01-09,-0.001477900666807086,-0.0014789938391971177
2024-01-10,0.005665971828024974,0.00564998058516662
2024-01-11,-0.0006710555914966054,-0.0006712808500797035
2024-01-12,0.0007509756464678663,0.0007506938053521216
2024-01-16,-0.003731340308697262,-0.003738319124580435
2024-01-17,-0.005616897073075888,-0.005632731159566696
2024-01-18,0.00880526086487099,0.008766720628082468
2024-01-19,0.012313502935928478,0.012238308401460939
2024-01-22,0.0021943251637015493,0.002191921148391384
2024-01-23,0.0029213742876070814,0.0029171153663288493
2024-01-24,0.0008119284053016429,0.0008115989697406416
2024-01-25,0.00526036541183128,0.005246578019709248
2024-01-26,-0.0006517851681026032,-0.0006519976723983984
2024-01-29,0.0075567749087182,0.007528365517689478
2024-01-30,-0.0006006499471958859,-0.0006008304096422099
2024-01-31,-0.016105744712610393,-0.016236851843399614
2024-02-01,0.012493688199597841,0.012416286102186059
2024-02-02,0.010684446103877532,0.010627770748717336
2024-02-05,-0.0031863373882050627,-0.0031914245703742313
2024-02-06,0.0023104106497489063,0.002307745754941915
2024-02-07,0.008241458140786584,0.008207682769955114
2024-02-08,0.0005705831293989494,0.0005704204087393386
2024-02-09,0.005742341519594074,0.005725917122864125
2024-02-12,-0.0009489534954981727,-0.0009494040369176029
2024-02-13,-0.013674255677835978,-0.013768609444391617
2024-02-14,0.009579763211684966,0.00953416824148509
2024-02-15,0.005821250628704755,0.005804372618339547
2024-02-16,-0.004803469787855286,-0.004815043526466475
2024-02-20,-0.006005321882809889,-0.0060234263467467564
2024-02-21,0.0012641999103253365,0.0012634014824628142
2024-02-22,0.021122884121996588,0.020902888572959768
2024-02-23,0.00034794763836831777,0.00034788711862685515
2024-02-26,-0.0037867514420720783,-0.0037939393368992412
2024-02-27,0.0017063497734237654,0.0017048956126187666
2024-02-28,-0.0016581550295902137,-0.0016595312902206905
2024-02-29,0.0052290947152544565,0.005215470473811078
2024-03-01,0.008007828831644304,0.007975936317076056
2024-03-04,-0.0011932621074473015,-0.0011939746115349871
2024-03-05,-0.010193100890155904,-0.010245406282698407
2024-03-06,0.005141103345146503,0.005127932994147844
2024-03-07,0.01030412779663803,0.01025140215698905
2024-03-08,-0.006528519028031199,-0.006549923016805166
2024-03-11,-0.0011222380874353899,-0.0011228682681171291
2024-03-12,0.011201788153222925,0.011139512756620767
2024-03-13,-0.0019245297272429962,-0.0019263840140471796
2024-03-14,-0.0028710917313009565,-0.0028752212211558634
2024-03-15,-0.006482917345501438,-0.006504022719870855
2024-03-18,0.0063180594802156875,0.006298184213899105
2024-03-19,0.005649149698535805,0.005633253092483332
2024-03-20,0.008904173803579996,0.00886476540805793
2024-03-21,0.0032365354076133723,0.0032313091006065625
2024-03-22,-0.0014021877775134417,-0.0014031717627240635
2024-03-25,-0.003054964571781338,-0.00305964050167725
2024-03-26,-0.0027997951713500946,-0.0028037219289748392
2024-03-27,0.008630626477696302,0.008593595535278746
2024-03-28,0.0011164856442029691,0.0011158628376327381
2024-04-01,-0.002013584516194933,-0.002015614502987928
2024-04-02,-0.007239059084440891,-0.00726538821502638
2024-04-03,0.0010911222145302268,0.0010905273733436739
2024-04-04,-0.012334336267318058,-0.012411035535163388
2024-04-05,0.011099194210624663,0.011038050171594125
2024-04-08,-0.0003746309922952884,-0.0003747011840166927
2024-04-09,0.0014454930910536845,0.001444449371587332
2024-04-10,-0.00945698054759303,-0.009501981729727934
2024-04-11,0.007444797734401654,0.007417222006982502
2024-04-12,-0.014550688420889468,-0.014657587929183355
2024-04-15,-0.012021354942249096,-0.012094195781879192
2024-04-16,-0.0020565070195988078,-0.0020586245337795594
2024-04-17,-0.005780602663063683,-0.005797375014068416
2024-04-18,-0.0022081601697494513,-0.002210601750346609
2024-04-19,-0.008758548183889103,-0.008797129711008742
2024-04-22,0.008731248235862799,0.008693351319812173
2024-04-23,0.011964576263814974,0.011893566560747845
2024-04-24,0.0002130100366897203,0.0002129873532729948
2024-04-25,-0.0045764303656697924,-0.004586934282329454
2024-04-26,0.010209142622110035,0.010157381319820006
2024-04-29,0.0031784486788053457,0.003173408088816917
2024-04-30,-0.015730513690315306,-0.015855551224034637
2024-05-01,-0.0034354386792455616,-0.003441353348913543
2024-05-02,0.009128436958746544,0.00908702460733324
2024-05-03,0.01255673977161953,0.012478557709027208
2024-05-06,0.010326123846195134,0.01027317363105274
2024-05-07,0.0013434298354362273,0.0013425282409704584
2024-05-08,-5.8355338323767825e-06,-5.835550859170577e-06
2024-05-09,0.005090947650312039,0.005078032591037631
2024-05-10,0.0016493989105166307,0.0016480401460248892
2024-05-13,-0.00024130407329769898,-0.0002413331918099653
2024-05-14,0.0048378131575987915,0.004826148545207218
2024-05-15,0.01171592777489705,0.01164782768084762
2024-05-16,-0.0020816676627457564,-0.0020838373444352037
2024-05-17,0.001164773533792518,0.0011640957113886801
2024-05-20,0.0009163898842925455,0.0009159702554253936
2024-05-21,0.0025018741614692974,0.0024987496845896317
2024-05-22,-0.002706122921903198,-0.002709791091710867
2024-05-23,-0.007380789508047769,-0.007408162306675435
2024-05-24,0.007001042570040639,0.006976649058670467
2024-05-28,0.0002488018116899582,0.0002487708656520552
2024-05-29,-0.007367046556883361,-0.007394317263295771
2024-05-30,-0.005975035615464086,-0.0059929575659554025
2024-05-31,0.008027876366743403,0.007995824392518436
2024-06-03,0.0011160824444034212,0.0011154600874168303
2024-06-04,0.0015028092037845386,0.0015016811160920005
2024-06-05,0.011847649715994946,0.011778015773526447
2024-06-06,-0.00019981659478196523,-0.00019983656077747613
2024-06-07,-0.0011152198117477807,-0.0011158421320877113
2024-06-10,0.002580854723139625,0.0025775300367151636
2024-06-11,0.002710381286022079,0.002706714826172846
2024-06-12,0.008503672803971796,0.00846772025375947
2024-06-13,0.0023446558133972673,0.00234191139692651
2024-06-14,-0.00039386056525281266,-0.00039393814869728494
2024-06-17,0.007664386414480084,0.007635164223389362
2024-06-18,0.0025213274520576867,0.0025181542386849107
2024-06-20,-0.002525931796085512,-0.002529127344096533
2024-06-21,-0.0015621303781622187,-0.0015633517759755483
2024-06-24,-0.0030651718950951423,-0.003069879155971904
2024-06-25,0.003933590107651153,0.003925873770735461
2024-06-26,0.0015724310801426,0.0015711961048312446
2024-06-27,0.0009073212524721708,0.0009069098853538582
2024-06-28,-0.004083652634881529,-0.004092013514016363
2024-07-01,0.002675564062776692,0.0026719911129348644
2024-07-02,0.006195317879061246,0.00617620579359396
2024-07-03,0.005084444426450396,0.005071562286120659
2024-07-05,0.005448765019997026,0.005433974203339871
2024-07-08,0.0010166990995430503,0.0010161826110594845
2024-07-09,0.0007410717904439146,0.0007407973323316913
2024-07-10,0.010208065333596528,0.01015631491778258
2024-07-11,-0.008763028808228546,-0.008801649936084031
2024-07-12,0.005517027147237785,0.005501864097372739
2024-07-15,0.002826202591651894,0.002822216389883678
2024-07-16,0.006389375415324583,0.006369049888564278
2024-07-17,-0.01392754310490707,-0.01402544138462262
2024-07-18,-0.007816403975411279,-0.007847112184142054
2024-07-19,-0.007140265576694005,-0.007165879271495111
2024-07-22,0.01079203560399633,0.010734217201291932
2024-07-23,-0.0015581026123050457,-0.0015593177165156638
2024-07-24,-0.023149093655050912,-0.02342124212084654
2024-07-25,-0.005142620243422602,-0.005155889025326419
2024-07-26,0.011090468737252612,0.011029420443599783
2024-07-29,0.0008133100548251004,0.0008129794974207588
2024-07-30,-0.004960171941004177,-0.004972514424655499
2024-07-31,0.015793398792557367,0.015669980833233805
2024-08-01,-0.01369350300965777,-0.01378812380841681
2024-08-02,-0.01838186083353377,-0.01855290657273182
2024-08-05,-0.029968798485725645,-0.03042704149247843
2024-08-06,0.010354085874285213,0.01030084948788288
2024-08-07,-0.007734647828914865,-0.007764715358950854
2024-08-08,0.023042611597269058,0.022781139667271664
2024-08-09,0.00467167672581037,0.004660798311228891
2024-08-12,4.303407706496287e-05,4.303315112563299e-05
2024-08-13,0.01684757974097728,0.016707233406677388
2024-08-14,0.0038237283996709337,0.0038164365324027502
2024-08-15,0.016133247781331406,0.016004489948034835
2024-08-16,0.0019897793290175603,0.001987802340208387
2024-08-19,0.009722284736913167,0.009675327436177775
2024-08-20,-0.0019845554317299285,-0.001986527271109002
2024-08-21,0.004239676923838864,0.004230714815662338
2024-08-22,-0.008932805558693913,-0.008972942267325505
2024-08-23,0.011483370748563537,0.011417937301261739
2024-08-26,-0.003153726599012252,-0.0031587100751820983
2024-08-27,0.0015951960976012813,0.0015939251237618618
2024-08-28,-0.0059759732243084285,-0.005993900811165668
2024-08-29,-3.93790960000473e-05,-3.937987137700402e-05
2024-08-30,0.010093051701662636,0.010042457007109422
2024-09-03,-0.02115107429941321,-0.02137796327197517
2024-09-04,-0.0016025436599761411,-0.001603829106573627
2024-09-05,-0.003018017621365554,-0.003022581020472516
2024-09-06,-0.017260249791929194,-0.01741094443888596
2024-09-09,0.011580070316884683,0.011513534469824937
2024-09-10,0.004472672681143708,0.004462700005971536
2024-09-11,0.010665025836808839,0.010608555598305326
2024-09-12,0.007495302392445113,0.007467352190059266
2024-09-13,0.00540771142175589,0.005393142250659205
2024-09-16,0.0012566297266749515,0.0012558408283728456
2024-09-17,0.00026455001451597404,0.0002645150273313213
2024-09-18,-0.00289645577382458,-0.002900658619382193
2024-09-19,0.016976853148943594,0.016834356875202856
2024-09-20,-0.0019410273895590358,-0.001942913624440141
2024-09-23,0.002809272965218934,0.0028053343326607306
2024-09-24,0.0025111789209482094,0.002508031179754637
2024-09-25,-0.0018612489028158041,-0.0018629831788352536
2024-09-26,0.004038675618558196,0.004030542060030759
2024-09-27,-0.0012532169126399095,-0.0012540028456532902
2024-09-30,0.004236552477610678,0.004227603555312376
2024-10-01,-0.00932410701407771,-0.009367848613109327
2024-10-02,0.00013839089117584358,0.0001383813160398609
2024-10-03,-0.0016814135524798601,-0.001682828714784948
2024-10-04,0.008970249428808863,0.008930255732422752
2024-10-07,-0.009586022198850075,-0.009632263862675265
2024-10-08,0.009689347600513987,0.009642706908619481
2024-10-09,0.007113411943786785,0.007088230973601769
2024-10-10,-0.0020701227752685236,-0.002072268441126775
2024-10-11,0.00605184750652854,0.006033608626363439
2024-10-14,0.007707666969413607,0.0076781146601263475
2024-10-15,-0.007609466326658931,-0.007638566031689841
2024-10-16,0.004679145918655481,0.00466823274503803
2024-10-17,-0.0001711604789070842,-0.0001711751285335026
2024-10-18,0.0039715527334927,0.003963686937339891
2024-10-21,-0.0018227695918399123,-0.0018244328578067744
2024-10-22,-0.0004748538617311837,-0.0004749666405298961
2024-10-23,-0.00919132335378936,-0.009233824192710472
2024-10-24,0.002145771941203023,0.0021434730605861714
2024-10-25,-0.00029944715380814113,-0.0002994919970594491
2024-10-28,0.00265144361510794,0.002647934739507923
2024-10-29,0.0016141271890055542,0.0016128258858387643
2024-10-30,-0.00330023388927303,-0.003305691672417163
2024-10-31,-0.01861470094655293,-0.018790135005018496
2024-11-01,0.004092509653394583,0.004084158113846478
2024-11-04,-0.0028120836036091834,-0.0028160449388528724
2024-11-05,0.012265644682920573,0.012191031165524665
2024-11-06,0.025295927709129806,0.024981280881797522
2024-11-07,0.007431229796085237,0.007403754242086563
2024-11-08,0.0037568332410022887,0.0037497939677439912
2024-11-11,0.0009690634975674239,0.0009685942586599948
2024-11-12,-0.0028926597709714175,-0.00289685159688246
2024-11-13,0.000232227818839581,0.00023220085813359604
2024-11-14,-0.006049734805111506,-0.0060681085925588674
2024-11-15,-0.013203489903612087,-0.013291430919743764
2024-11-18,0.003917814394666319,0.003910159746331281
2024-11-19,0.003963584780874996,0.003955750473189351
2024-11-20,2.1950893942301875e-05,2.1950653024955e-05
2024-11-21,0.005340461598929647,0.005326251902326534
2024-11-22,0.0034679591264745735,0.0034619596229106993
2024-11-25,0.0030204802325206614,0.0030159277469279143
2024-11-26,0.005722005710441236,0.0057056972177173745
2024-11-27,-0.0038012381107348503,-0.0038084811772285173
2024-11-29,0.0056077855829355094,0.005592120490397027
2024-12-02,0.002448456378157493,0.002445463792654277
2024-12-03,0.0004514492023914851,0.0004513473298593442
2024-12-04,0.006051417831100192,0.0060331815355319195
2024-12-05,-0.0018697756116370368,-0.001871525824065925
2024-12-06,0.0024954539657515706,0.0024923454908007594
2024-12-09,-0.006144213947348098,-0.0061631673054030525
2024-12-10,-0.0029638834118703716,-0.002968284412496357
2024-12-11,0.008165786022680921,0.00813262638602253
2024-12-12,-0.005414022461400325,-0.005428731394691872
2024-12-13,-2.6466597810359538e-05,-2.646694805693927e-05
2024-12-16,0.0037993542638927735,0.003792154946890175
2024-12-17,-0.0038639949916050575,-0.003871479506559169
2024-12-18,-0.029492846347809465,-0.02993650530060892
2024-12-19,-0.0008651123036570452,-0.000865486729268392
2024-12-20,0.010869123849037043,0.01081047948166233
2024-12-23,0.007287273373268066,0.007260849491040003
2024-12-24,0.011042759281951087,0.010982233191395721
2024-12-26,-0.0004056587347400775,-0.0004057410365029849
2024-12-27,-0.011055736100777813,-0.011117304964449348
2024-12-30,-0.010701995811227882,-0.010759674052374959
2024-12-31,-0.004284800294704794,-0.004294006358328417
2025-01-02,-0.002223886619898696,-0.002226363128077967
2025-01-03,0.012596026694196238,0.01251735668086991
2025-01-06,0.005538045090563326,0.005522766501903032
2025-01-07,-0.011103912939287142,-0.011166021574458316
2025-01-08,0.0015603602174092401,0.0015591441202739082
2025-01-10,-0.015411643813627252,-0.015531637660959115
2025-01-13,0.001575444125758052,0.001574204415553332
2025-01-14,0.001146279741604861,0.0011456232646048193
2025-01-15,0.018312792280422707,0.018147132505285875
2025-01-16,-0.0021126893802461133,-0.00211492425674285
2025-01-17,0.009991058884720294,0.009941478224597835
2025-01-21,0.008768227085103497,0.00873000942029466
2025-01-22,0.0061379415536038096,0.006119181118178954
2025-01-23,0.005313486261650402,0.005299419500550419
2025-01-24,-0.00285513239087154,-0.002859216056145124
2025-01-27,-0.014580715655852394,-0.01468805899663794
2025-01-28,0.009217869424218872,0.009175644152203245
2025-01-29,-0.004678895642107439,-0.004689875938149785
2025-01-30,0.005275414358387076,0.005261548105501799
2025-01-31,-0.005046825800241628,-0.0050596040367233445
2025-02-03,-0.007608597695210162,-0.007637690740119494
2025-02-04,0.007224881896712887,0.007198907470574242
2025-02-05,0.003908672821804293,0.0039010538072271886
2025-02-06,0.0036442987641445157,0.0036376743966413765
2025-02-07,-0.009464770137567191,-0.009509845719933161
2025-02-10,0.006712541081094647,0.00669011229071878
2025-02-11,0.00033958285584878567,0.0003395252106406395
2025-02-12,-0.002723866688637999,-0.0027275831638295133
2025-02-13,0.010426292059998232,0.010372313152645463
2025-02-14,-7.194374106311852e-05,-7.194632913818888e-05
2025-02-18,0.002444987723879244,0.002442003604494695
2025-02-19,0.0023769693542781134,0.002374148831269487
2025-02-20,-0.0043341849441745905,-0.0043436047517185885
2025-02-21,-0.017064126747230568,-0.01721139671798162
2025-02-24,-0.004969106535429146,-0.004981493597434032
2025-02-25,-0.004679730915472358,-0.004690715138395557
2025-02-26,0.00013602434826420762,0.00013601509779139745
2025-02-27,-0.01586455375936302,-0.015991742784051945
2025-02-28,0.015854144672899695,0.01572978045798251
2025-03-03,-0.017596739440759013,-0.017753402621598056
2025-03-04,-0.012234826687347877,-0.01231028831770759
2025-03-05,0.011159277985792748,0.011097472620318502
2025-03-06,-0.017819007037040424,-0.017979677057862384
2025-03-07,0.005520617666155747,0.005505434909612108
2025-03-10,-0.02697309118232427,-0.027343541661914147
2025-03-11,-0.007567865434423338,-0.007596647030151435
2025-03-12,0.004886870024979784,0.004874968035559548
2025-03-13,-0.013890984178154708,-0.01398836677737952
2025-03-14,0.02126586892281157,0.021042905796258143
2025-03-17,0.006416130758361005,0.00639563501361082
2025-03-18,-0.010653512129001563,-0.010710667085807103
2025-03-19,0.010798495601770153,0.010740608206467437
2025-03-20,-0.002184893091769613,-0.002187283453104841
2025-03-21,0.0008246534696987329,0.0008243136298467647
2025-03-24,0.01764600003509198,0.01749211701903164
2025-03-25,0.0015743334328117697,0.001573095469074416
2025-03-26,-0.01115693491788139,-0.011219640352798727
2025-03-27,-0.003306980735117593,-0.003312460881068952
2025-03-28,-0.01973722084964713,-0.019934601271001714
2025-03-31,0.005538521705442667,0.005523240491692591
2025-04-01,0.0037812353554422806,0.0037741044551244415
2025-04-02,0.0067281947826252075,0.006705661495869992
2025-04-03,-0.04839563330346297,-0.04960591176968782
2025-04-04,-0.059749605450365784,-0.06160906200972751
2025-04-07,-0.0023314724675498333,-0.0023341945813285902
2025-04-08,-0.0157005244703442,-0.015825083182980686
2025-04-09,0.0951538762770352,0.09089487967596876
2025-04-10,-0.0346075794666465,-0.03522060690179827
2025-04-11,0.018092095087927973,0.017930380724019042
2025-04-14,0.007944712472857773,0.007913319407685608
2025-04-15,-0.0017277808845642673,-0.0017292752194603704
2025-04-16,-0.022408371635961433,-0.022663254058880145
2025-04-17,0.001326838095658589,0.0013259586238510528
2025-04-21,-0.023567493025221764,-0.023849648335445877
2025-04-22,0.025117204858699615,0.02480695225695206
2025-04-23,0.016661138345671178,0.016523864243643813
2025-04-24,0.020259113848853705,0.02005662822036428
2025-04-25,0.007373133395299547,0.0073460847215483325
2025-04-28,0.0006407066925941951,0.000640501527690235
2025-04-29,0.00580241067149001,0.005785641523077803
2025-04-30,0.001479991455333396,0.0014788973473600663
2025-05-01,0.006299102115680633,0.00627934569369034
2025-05-02,0.014726574101014522,0.014619191080907862
2025-05-05,-0.006381597577802989,-0.006402047018116084
2025-05-06,-0.007693239729028578,-0.007722985356163157
2025-05-07,0.004346356250050087,0.004336938123551183
2025-05-08,0.0057997750506015855,0.005783021103486759
2025-05-09,-0.0007114808846804266,-0.0007117341073208956
2025-05-12,0.03255878272283996,0.03203997665167756
2025-05-13,0.007248201107021401,0.007222059142846562
2025-05-14,0.001024415523483313,0.0010238911679756634
2025-05-15,0.00413233213255948,0.004123817496940955
2025-05-16,0.0070052722893581,0.006980849362598275
2025-05-19,0.0008761131553385315,0.0008757295922214994
2025-05-20,-0.0038802294955627703,-0.003887777116692981
2025-05-21,-0.01613513071871031,-0.016266719326401165
2025-05-22,-0.000444870925681462,-0.00044496991010967174
2025-05-23,-0.006708297926525608,-0.006730899693360564
2025-05-27,0.020459055872971144,0.020252580829326905
2025-05-28,-0.005571225353999676,-0.005586802512821105
2025-05-29,0.004011194229849968,0.004003170838705445
2025-05-30,-8.118525115696773e-05,-8.118854685784652e-05
2025-06-02,0.004102041927438682,0.0040936514909066515
2025-06-03,0.005800290491854376,0.005783533572403041
2025-06-04,7.368755895842405e-05,7.368484416361501e-05
2025-06-05,-0.005277383418436532,-0.005291357994121904
2025-06-06,0.010280682909557193,0.010228196115888806
2025-06-09,0.0009199481574493351,0.0009195252644830013
2025-06-10,0.0054829894439301086,0.005468012577700826
2025-06-11,-0.0027438890837948593,-0.0027476604478297896
2025-06-12,0.003822420080493938,0.0038151331959776673
2025-06-13,-0.01129637991473531,-0.011360668625992932
2025-06-16,0.009392659822715865,0.009348823075429257
2025-06-17,-0.008352184718039113,-0.008387259650908448
2025-06-18,-0.0003092402675560768,-0.00030928809218740453
2025-06-20,-0.0021786584134243503,-0.002181035142346651
2025-06-23,0.0096065041118083,0.009560655050114532
2025-06-24,0.011121720195030882,0.011060328632119068
2025-06-25,-3.2861798932026787e-06,-3.286185292703653e-06
2025-06-26,0.008020121393538693,0.007988131149883972
2025-06-27,0.0052189707728718115,0.005205399144383055
2025-06-30,0.005164427409528605,0.005151137491201973
2025-07-01,-0.0011185309763795948,-0.0011191569990128317
2025-07-02,0.004745096750465416,0.0047338742660600055
2025-07-03,0.008338955241566914,0.008304378245334415
2025-07-07,-0.007862297408090746,-0.007893368234227942
2025-07-08,-0.0007158867306665817,-0.0007161430999336937
2025-07-09,0.006062103387148188,0.006043802761357813
2025-07-10,0.0027462049543864886,0.0027424410230040405
2025-07-11,-0.003297522972617095,-0.0033029717831772787
2025-07-14,0.001407413874356056,0.0014064243957443363
2025-07-15,-0.003956298219460086,-0.003964145070420228
2025-07-16,0.003193657307025921,0.003188568415433792
2025-07-17,0.005373767414166508,0.005359380245240042
2025-07-18,-9.04861739515761e-05,-9.049026807239037e-05
2025-07-21,0.0013991349473991832,0.00139815707011392
2025-07-22,0.000637531549340542,0.0006373284124352117
2025-07-23,0.007811886941845758,0.007781532136104482
2025-07-24,0.0006982237350547926,0.000697980090268481
2025-07-25,0.003974327769259434,0.003966450991683866
2025-07-28,0.0001768581381593748,0.0001768425006025838
2025-07-29,-0.002959442505882315,-0.0029638303149726415
2025-07-30,-0.001249432756515123,-0.0012502139483872544
2025-07-31,-0.003694819243126868,-0.003701661947984892
2025-08-01,-0.01599213312465042,-0.016121387169819878
2025-08-04,0.0147371002047898,0.014629564367120016
2025-08-05,-0.004857865996615196,-0.004869703780775401
2025-08-06,0.0072819074245471516,0.007255522348371413
2025-08-07,-0.0007974800794553483,-0.0007977982358540849
2025-08-08,0.007799715299684706,0.0077694547674808205
2025-08-11,-0.002504127821908786,-0.002507268394007872
2025-08-12,0.011345435955038452,0.01128155918238014
2025-08-13,0.00323007880464643,0.0032248733065382926
2025-08-14,0.0003030908109633579,0.00030304488822245217
2025-08-15,-0.0028971350392843487,-0.0029013398582515893
2025-08-18,-0.00010076328252783817,-0.00010076835948844141
2025-08-19,-0.005858103094841027,-0.005875329088150442
2025-08-20,-0.0024316693180232996,-0.0024346306274503136
2025-08-21,-0.0040041814854323565,-0.004012219684898157
2025-08-22,0.015186444817727462,0.015072285100498213
2025-08-25,-0.0042663855433960896,-0.004275512534958943
2025-08-26,0.004133995162157289,0.004125473681257952
2025-08-27,0.002390984317990563,0.0023881304630957597
2025-08-28,0.003156719429345145,0.003151747451246037
2025-08-29,-0.006398184192915712,-0.006418740301488461
2025-09-02,-0.006922280004181491,-0.006946350128819546
2025-09-03,0.005100073696227669,0.0050871123708384385
2025-09-04,0.008346486331673564,0.008311847025493615
2025-09-05,-0.003165152959225037,-0.0031701726507121094
2025-09-08,0.0021059788629176346,0.00210376439796467
2025-09-09,0.002688153662877557,0.0026845470398121182
2025-09-10,0.002983469977280384,0.0029790282630155263
2025-09-11,0.008485890421529918,0.008450087656381127
2025-09-12,-0.00048276134786284786,-0.0004828779146398089
2025-09-15,0.0047066192127687145,0.0046955777124322315
2025-09-16,-0.0012879302579640317,-0.001288760352951571
2025-09-17,-0.0009701681651852478,-0.0009706390829238535
2025-09-18,0.004789119142267539,0.004777687794051724
2025-09-19,0.004885418818951104,0.0048735238858548914
2025-09-22,0.004410046516721389,0.004400350756964493
2025-09-23,-0.005502159178337962,-0.005517351809962231
2025-09-24,-0.002846617838585419,-0.0028506771605339466
2025-09-25,-0.005009061343008714,-0.005021648742407834
2025-09-26,0.005901836676059702,0.005884489059719177
2025-09-29,0.0026355442729304457,0.0026320773163322282
2025-09-30,0.00409084838333329,0.004082503613469663
2025-10-01,0.00339992077886353,0.0033941541153151315
2025-10-02,0.0006183548217040258,0.000618163719136668
2025-10-03,6.551274223687287e-05,6.55105963708957e-05
2025-10-06,0.003646591965767554,0.0036399592688874764
2025-10-07,-0.0038114057308378246,-0.0038186876464390697
2025-10-08,0.005827663626388979,0.005810748480090373
2025-10-09,-0.002755570471910773,-0.002759374045173258
2025-10-10,-0.027111673115108537,-0.02748597534091098
2025-10-13,0.01559867175328078,0.015478263003183688
2025-10-14,-0.0015643266228586583,-0.001565551459279622
2025-10-15,0.004026001159257442,0.004017918503182719
2025-10-16,-0.006294387193134465,-0.006314280369038024
2025-10-17,0.005270715639998702,0.005256874033797325
2025-10-20,0.010672270824520158,0.010615724107710774
2025-10-21,3.269647413284282e-05,3.269593961478367e-05
2025-10-22,-0.00533753932266634,-0.005351834877090213
2025-10-23,0.0058273934339021505,0.005810479853035372
